"","x"
"1","EE.UU.;EE.UU.;EE.UU."
"2","AUSTRALIA;AUSTRALIA;AUSTRALIA;AUSTRALIA;AUSTRALIA;AUSTRALIA;AUSTRALIA;AUSTRALIA;AUSTRALIA;AUSTRALIA;AUSTRALIA"
"3","ARGENTINA;PERU"
"4","ALEMANIA;ALEMANIA"
"5","IRAN;ISRAEL;ISRAEL;ISRAEL;ISRAEL;ISRAEL;ISRAEL;ISRAEL;ISRAEL;ISRAEL;ISRAEL;ESPANA;ESPANA;ESPANA;ESPANA"
"6","CHINA;DINAMARCA;DINAMARCA;DINAMARCA;DINAMARCA;DINAMARCA;EE.UU."
"7","CHINA;CHINA;CHINA;CHINA;EE.UU."
"8","ARGENTINA;ARGENTINA;ARGENTINA;ARGENTINA;ARGENTINA;ARGENTINA;ARGENTINA;ARGENTINA;ARGENTINA;ARGENTINA;ARGENTINA;ARGENTINA;ARGENTINA;ARGENTINA;ARGENTINA;ARGENTINA;ARGENTINA;ARGENTINA;ARGENTINA;ARGENTINA;ARGENTINA;ARGENTINA;ARGENTINA"
"9","ITALIA;ITALIA;ITALIA;ITALIA;ITALIA;ITALIA;ITALIA;ITALIA;SUECIA;SUECIA"
"10",NA
"11","AUSTRALIA;AUSTRALIA;AUSTRALIA;AUSTRALIA;AUSTRALIA;AUSTRALIA;AUSTRALIA;AUSTRALIA;AUSTRALIA;AUSTRALIA;AUSTRALIA;AUSTRALIA;AUSTRALIA;HONG KONG;PORTUGAL"
"12","ESTONIA;ESTONIA;ESTONIA;ESTONIA;ESTONIA;ITALIA;ITALIA;ITALIA;ITALIA;ITALIA;ITALIA;ITALIA;ITALIA;ITALIA;ITALIA;ITALIA;ITALIA;ITALIA;ITALIA;ITALIA;ITALIA;ITALIA"
"13","CHINA;CHINA;CHINA;CHINA;CHINA;CHINA;CHINA;CHINA;CHINA;CHINA;CHINA;CHINA;CHINA;CHINA;CHINA;CHINA;CHINA"
"14","ALEMANIA;ITALIA;ITALIA;ITALIA;ITALIA;ITALIA;ITALIA;ITALIA;ITALIA;ITALIA;ITALIA;EE.UU.;EE.UU.;EE.UU.;EE.UU.;EE.UU.;EE.UU.;EE.UU."
"15","EE.UU.;EE.UU.;EE.UU.;EE.UU.;EE.UU.;EE.UU."
"16",NA
"17","ALEMANIA;ISRAEL;TURQUIA;TURQUIA;EE.UU."
"18","AUSTRALIA;ALEMANIA;ALEMANIA;ALEMANIA;ALEMANIA;ALEMANIA;SUDAFRICA;SUDAFRICA;SUDAFRICA;ESPANA"
"19","FRANCIA;FRANCIA;FRANCIA;FRANCIA;FRANCIA"
"20","ALEMANIA;RUSIA;RUSIA;RUSIA;RUSIA;RUSIA;RUSIA;RUSIA;RUSIA;RUSIA;RUSIA;RUSIA;RUSIA;RUSIA;RUSIA;RUSIA;RUSIA;RUSIA;RUSIA;RUSIA"
"21","CHINA;CHINA;CHINA;CHINA;CHINA;CHINA;CHINA;CHINA;CHINA;CHINA;CHINA;CHINA;CHINA;CHINA;CHINA;CHINA;CHINA;CHINA;CHINA;CHINA"
"22","AUSTRIA;AUSTRIA;AUSTRIA;AUSTRIA;AUSTRIA;AUSTRIA;AUSTRIA;AUSTRIA;AUSTRIA;AUSTRIA;AUSTRIA;AUSTRIA;AUSTRIA;COLOMBIA;CROACIA;HUNGRIA;HUNGRIA;HUNGRIA;HUNGRIA;HUNGRIA;ISRAEL;ISRAEL;ISRAEL;ISRAEL;ITALIA;ITALIA;ITALIA;LETONIA;RUSIA;RUSIA;ESLOVENIA"
"23","EE.UU.;EE.UU.;EE.UU.;EE.UU.;EE.UU."
"24","AUSTRALIA;DINAMARCA;DINAMARCA;DINAMARCA;DINAMARCA;SUIZA;SUIZA;SUIZA;SUIZA;SUIZA;SUIZA;SUIZA;SUIZA;SUIZA;SUIZA"
"25","CHINA;CHINA;CHINA;CHINA;CHINA;CHINA;CHINA;CHINA;CHINA;CHINA;CHINA;CHINA;CHINA;CHINA;CHINA;CHINA;CHINA;CHINA;CHINA;CHINA;CHINA;CHINA;CHINA;CHINA;CHINA;CHINA;CHINA;CHINA;CHINA;CHINA;CHINA;CHINA;CHINA;CHINA;CHINA;CHINA;CHINA;CHINA;CHINA;CHINA;CHINA;CHINA;CHINA;CHINA;CHINA;CHINA"
"26","BELGICA;BELGICA;ESTONIA;ESTONIA;ESTONIA;ESTONIA;ESTONIA;ESTONIA;ESTONIA;ESTONIA;ITALIA;ESPANA;EE.UU."
"27","EE.UU.;EE.UU.;EE.UU.;EE.UU."
"28","ITALIA;ESLOVENIA;ESLOVENIA;ESLOVENIA;ESLOVENIA"
"29","TURQUIA;TURQUIA"
"30","CANADA;ALEMANIA;ALEMANIA;ALEMANIA;ESPANA;ESPANA;ESPANA"
"31","ARMENIA;AUSTRIA;AUSTRIA;AUSTRIA;AUSTRIA;AUSTRIA;AUSTRIA;AUSTRIA;AUSTRIA;AUSTRIA;AUSTRIA;AUSTRIA;AUSTRIA;AUSTRIA;AUSTRIA;AUSTRIA;AUSTRIA;AUSTRIA;AUSTRIA;AUSTRIA;AUSTRIA;AUSTRIA;AUSTRIA;AUSTRIA;AUSTRIA;AUSTRIA;AUSTRIA;AUSTRIA;CROACIA;CROACIA;ESPANA;ESPANA;ESPANA;EE.UU.;EE.UU."
"32","ESTONIA;SUECIA;SUECIA;SUECIA;SUECIA;SUECIA;SUECIA;TURQUIA;TURQUIA;TURQUIA;TURQUIA;TURQUIA;TURQUIA"
"33","INDIA;INDIA"
"34","DINAMARCA;EE.UU.;EE.UU."
"35","FRANCIA;FRANCIA;FRANCIA;FRANCIA;FRANCIA;FRANCIA;FRANCIA;FRANCIA"
"36","BAREIN;CHINA;ETIOPIA;KENIA;KENIA;KENIA;KENIA;KENIA;KENIA;KENIA;KENIA;KENIA;SENEGAL;SUDAFRICA;SUDAFRICA;SUDAFRICA;SUDAFRICA;SUDAFRICA;ESPANA;SUDAN;TANZANIA;UGANDA;EE.UU.;EE.UU.;EE.UU.;EE.UU.;EE.UU.;EE.UU.;EE.UU.;EE.UU.;EE.UU.;EE.UU.;EE.UU.;EE.UU."
"37",NA
"38","ISRAEL;ISRAEL"
"39","SUDAFRICA;SUDAFRICA;EE.UU.;EE.UU."
"40","CHINA;CHINA;CHINA;CHINA;CHINA;CHINA;CHINA;CHINA;CHINA;CHINA;CHINA;CHINA;CHINA;CHINA;CHINA;CHINA;CHINA;CHINA;CHINA;CHINA;CHINA;CHINA;CHINA;CHINA;CHINA;CHINA;CHINA;CHINA;CHINA;CHINA;CHINA;CHINA;CHINA;CHINA;CHINA;CHINA;CHINA;CHINA;CHINA;CHINA;CHINA;CHINA;CHINA"
"41","AUSTRIA;BELGICA;BELGICA;BELGICA;BELGICA;BELGICA;BELGICA;BELGICA;BELGICA;BELGICA;BELGICA;BELGICA;BELGICA;BELGICA;BELGICA;BELGICA;BELGICA;BELGICA;BELGICA;BELGICA;BELGICA;BELGICA;ESTONIA;ESTONIA;ESTONIA;ESTONIA;ESTONIA;ESTONIA;ESTONIA;ESTONIA;ESTONIA;ITALIA;PAISES BAJOS;PAISES BAJOS;ESPANA;REINO UNIDO;REINO UNIDO;REINO UNIDO;REINO UNIDO"
"42","FRANCIA;SUECIA;SUECIA;SUECIA;SUECIA;SUECIA;SUECIA;SUECIA;SUECIA;SUECIA;SUECIA;SUECIA;SUECIA;SUECIA;SUECIA;SUECIA;EE.UU.;EE.UU.;EE.UU."
"43","ESPANA;ESPANA;ESPANA;ESPANA;ESPANA;ESPANA;ESPANA;ESPANA;ESPANA;ESPANA;ESPANA;ESPANA;ESPANA;ESPANA;ESPANA;ESPANA;ESPANA;ESPANA;EE.UU.;EE.UU."
"44","ALEMANIA;GRECIA;GRECIA;GRECIA;GRECIA;GRECIA;GRECIA"
"45","SUECIA;SUECIA;TURQUIA;TURQUIA;TURQUIA;TURQUIA;TURQUIA;TURQUIA;TURQUIA;TURQUIA;TURQUIA;TURQUIA;TURQUIA;TURQUIA;TURQUIA;TURQUIA;TURQUIA;TURQUIA"
"46","ALEMANIA;NORUEGA;EE.UU.;EE.UU.;EE.UU.;EE.UU.;EE.UU.;EE.UU.;EE.UU.;EE.UU.;EE.UU.;EE.UU.;EE.UU.;EE.UU."
"47","CHINA;CHINA;CHINA;CHINA;CHINA;CHINA;CHINA;CHINA"
"48","CHINA;CHINA;CHINA;CHINA;CHINA;CHINA;CHINA;CHINA;CHINA;CHINA;CHINA;CHINA;CHINA;CHINA;CHINA;CHINA;CHINA;CHINA;CHINA;CHINA;CHINA"
"49",NA
"50","POLONIA;POLONIA;POLONIA;POLONIA;POLONIA;POLONIA;POLONIA;POLONIA;POLONIA;POLONIA;POLONIA;POLONIA"
"51","FRANCIA"
"52","CHINA"
"53","ALEMANIA;MEXICO;MEXICO;MEXICO;MEXICO;EE.UU."
"54","ALEMANIA;ALEMANIA;ALEMANIA;ALEMANIA;IRLANDA;IRLANDA;IRLANDA;IRLANDA;ITALIA;ITALIA;ITALIA;ITALIA;ITALIA;ITALIA;ITALIA;ITALIA;EE.UU.;EE.UU."
"55","BRASIL;BRASIL;BRASIL;BRASIL;BRASIL;BRASIL"
"56","HUNGRIA;HUNGRIA;HUNGRIA;HUNGRIA;HUNGRIA;HUNGRIA;HUNGRIA;HUNGRIA;HUNGRIA;HUNGRIA;HUNGRIA"
"57","AUSTRIA;SUIZA;EE.UU.;EE.UU."
"58","ESPANA"
"59","CHINA;ALEMANIA;ALEMANIA;ALEMANIA;ALEMANIA;ALEMANIA;POLONIA"
"60","CANADA"
"61","AUSTRALIA;AUSTRIA;AUSTRIA;AUSTRIA;AUSTRIA;AUSTRIA;AUSTRIA;CHINA;ALEMANIA;ALEMANIA;ALEMANIA;ALEMANIA;ALEMANIA;ALEMANIA;ALEMANIA;ALEMANIA;ALEMANIA;ALEMANIA;ALEMANIA;HUNGRIA;HUNGRIA;HUNGRIA;HUNGRIA;HUNGRIA;HUNGRIA;HUNGRIA;HUNGRIA;HUNGRIA;HUNGRIA;HUNGRIA;HUNGRIA;HUNGRIA;HUNGRIA;HUNGRIA;SUDAFRICA;TURQUIA;EE.UU."
"62","SUECIA;SUECIA;SUECIA;SUECIA;SUECIA;SUECIA;SUECIA;SUECIA;SUECIA;SUECIA;TURQUIA;TURQUIA;TURQUIA"
"63","INDIA;INDIA;INDIA;INDIA;INDIA;INDIA"
"64","GEORGIA;NUEVA ZELANDA;NUEVA ZELANDA;NUEVA ZELANDA;NUEVA ZELANDA;NUEVA ZELANDA;NUEVA ZELANDA;NUEVA ZELANDA;NUEVA ZELANDA;NUEVA ZELANDA;NUEVA ZELANDA;NUEVA ZELANDA;EE.UU."
"65","CHINA;CHINA;CHINA;CHINA;CHINA;CHINA;CHINA;CHINA;CHINA;CHINA;CHINA;CHINA;CHINA;CHINA;CHINA;CHINA;CHINA;CHINA;CHINA;CHINA"
"66","KOREA;KOREA;KOREA"
"67","BELGICA;ESTONIA;ESTONIA;IRAN;IRAN;ITALIA;ITALIA;ITALIA;ITALIA"
"68","SUIZA;SUIZA;SUIZA;SUIZA;SUIZA;SUIZA;SUIZA;SUIZA"
"69","BRASIL;BRASIL;BRASIL;EE.UU."
"70","FRANCIA;FRANCIA;FRANCIA;FRANCIA;FRANCIA;FRANCIA;IRLANDA;EE.UU.;EE.UU.;EE.UU."
"71","ALEMANIA;ALEMANIA;ALEMANIA;ALEMANIA;ALEMANIA;ALEMANIA"
"72","BAREIN;FRANCIA;IRLANDA;IRLANDA;IRLANDA;LIBANO;NUEVA ZELANDA;EMIRATOS ARABES UNIDOS;EMIRATOS ARABES UNIDOS;EE.UU."
"73","NORUEGA;NORUEGA;SUECIA;SUECIA;SUECIA;SUECIA;SUECIA;SUECIA;SUECIA;SUECIA;SUECIA;SUECIA;SUECIA;SUECIA;SUECIA;SUECIA;TURQUIA"
"74","AUSTRALIA;AUSTRALIA;AUSTRALIA;AUSTRALIA;ALEMANIA;PORTUGAL;PORTUGAL;PORTUGAL;PORTUGAL;PORTUGAL;PORTUGAL;PORTUGAL;PORTUGAL;PORTUGAL;PORTUGAL;PORTUGAL;PORTUGAL;PORTUGAL;PORTUGAL"
"75","IRLANDA;IRLANDA;IRLANDA;IRLANDA;IRLANDA"
"76","EE.UU.;EE.UU.;EE.UU.;EE.UU."
"77","AUSTRALIA;DINAMARCA;EE.UU.;EE.UU.;EE.UU."
"78","AUSTRIA;AUSTRIA;AUSTRIA;AUSTRIA;BRASIL;BRASIL;BRASIL;ESPANA;ESPANA;ESPANA;ESPANA;ESPANA;SUIZA;SUIZA;SUIZA;SUIZA;SUIZA;SUIZA;SUIZA"
"79","CHINA;CHINA"
"80","ISRAEL;ISRAEL;ISRAEL;ISRAEL;ISRAEL;ISRAEL;ISRAEL;ISRAEL"
"81",NA
"82","AUSTRALIA;AUSTRALIA;AUSTRALIA;AUSTRALIA;AUSTRALIA;AUSTRALIA;AUSTRALIA;AUSTRALIA;AUSTRALIA;AUSTRALIA;BELGICA;BULGARIA;BULGARIA;FINLANDIA;FINLANDIA;FINLANDIA;FINLANDIA;FINLANDIA;FRANCIA;ALEMANIA;ALEMANIA;ALEMANIA;ALEMANIA;ALEMANIA;ALEMANIA;ALEMANIA;ALEMANIA;ALEMANIA;ALEMANIA;ALEMANIA;ALEMANIA;ALEMANIA;ALEMANIA;ALEMANIA;GRECIA;GRECIA;PORTUGAL;ESPANA;ESPANA;ESPANA;ESPANA;ESPANA;EE.UU.;EE.UU."
"83","ALEMANIA;ESPANA;EE.UU.;EE.UU.;EE.UU.;EE.UU.;EE.UU.;EE.UU.;EE.UU.;EE.UU.;EE.UU.;EE.UU.;EE.UU.;EE.UU.;EE.UU.;EE.UU.;EE.UU.;EE.UU.;EE.UU."
"84",NA
"85","AUSTRIA;AUSTRIA;ALEMANIA;ALEMANIA;ALEMANIA;ALEMANIA;ALEMANIA;EE.UU.;EE.UU.;EE.UU."
"86","ALGERIA;ALGERIA;ALGERIA;ARMENIA;ARMENIA;ARMENIA;AUSTRIA;AUSTRIA;AUSTRIA;AUSTRIA;AUSTRIA;AUSTRIA;AUSTRIA;AUSTRIA;AUSTRIA;AUSTRIA;AUSTRIA;AUSTRIA;AUSTRIA;AUSTRIA;AUSTRIA;AUSTRIA;AUSTRIA;AUSTRIA;AUSTRIA;AUSTRIA;AUSTRIA;AUSTRIA;CROACIA;CROACIA;CROACIA;CROACIA;CROACIA;CROACIA;CROACIA;CROACIA;CROACIA;CROACIA;CROACIA;CROACIA;CROACIA;CROACIA;CROACIA;CROACIA;CROACIA;CROACIA;CROACIA;FRANCIA;FRANCIA;FRANCIA;FRANCIA;FRANCIA;FRANCIA;FRANCIA;FRANCIA;FRANCIA;FRANCIA;FRANCIA;ALEMANIA;ALEMANIA;ALEMANIA;ITALIA;ITALIA;ITALIA;ITALIA;ITALIA;ITALIA;ITALIA;ITALIA;ITALIA;ITALIA;ITALIA;ITALIA;LIBANO;LIBANO;LITUANIA;MONTENEGRO;PAISES BAJOS;POLONIA;POLONIA;POLONIA;POLONIA;POLONIA;POLONIA;PORTUGAL;PORTUGAL;PORTUGAL;PORTUGAL;SERBIA;SERBIA;SERBIA;SERBIA;SERBIA;SERBIA;SERBIA;SERBIA;ESLOVAQUIA;ESLOVAQUIA;ESLOVAQUIA;ESLOVAQUIA;ESLOVAQUIA;ESLOVENIA;ESLOVENIA;ESLOVENIA;TUNEZ;EE.UU.;EE.UU.;EE.UU.;EE.UU.;EE.UU.;EE.UU.;EE.UU.;EE.UU.;EE.UU.;EE.UU.;EE.UU.;EE.UU."
"87","CHINA;CHINA;CHINA;CHINA;CHINA;CHINA;CHINA;CHINA;CHINA;CHINA"
"88","ALEMANIA;ITALIA;ITALIA;ITALIA;ITALIA;ITALIA;ITALIA;EE.UU.;EE.UU."
"89","FINLANDIA;NORUEGA;NORUEGA;SUECIA;SUECIA;SUECIA;SUECIA;SUECIA;SUECIA;SUECIA;SUECIA;SUECIA;TURQUIA;TURQUIA"
"90",NA
"91","REINO UNIDO;REINO UNIDO;REINO UNIDO;REINO UNIDO;REINO UNIDO;REINO UNIDO;REINO UNIDO;REINO UNIDO;REINO UNIDO;REINO UNIDO;REINO UNIDO;REINO UNIDO;REINO UNIDO;REINO UNIDO;REINO UNIDO;REINO UNIDO;REINO UNIDO;REINO UNIDO;REINO UNIDO;REINO UNIDO;REINO UNIDO;REINO UNIDO;REINO UNIDO;REINO UNIDO;REINO UNIDO;REINO UNIDO;REINO UNIDO;REINO UNIDO;REINO UNIDO;REINO UNIDO;REINO UNIDO;REINO UNIDO;REINO UNIDO;REINO UNIDO;REINO UNIDO;REINO UNIDO;REINO UNIDO"
"92","ESTONIA;ESTONIA;ESTONIA;ITALIA;ITALIA;ITALIA;ITALIA;ITALIA;ITALIA;ITALIA;ITALIA;ITALIA;ITALIA;ITALIA;ITALIA"
"93","AUSTRALIA"
"94","REINO UNIDO;REINO UNIDO"
"95","FRANCIA;FRANCIA;ITALIA;ITALIA;ITALIA;ITALIA"
"96","AUSTRALIA;DINAMARCA;DINAMARCA;DINAMARCA;DINAMARCA;DINAMARCA;DINAMARCA;DINAMARCA;DINAMARCA;DINAMARCA;DINAMARCA;DINAMARCA;DINAMARCA;DINAMARCA;DINAMARCA;DINAMARCA;DINAMARCA;DINAMARCA;DINAMARCA;DINAMARCA;DINAMARCA;DINAMARCA;FRANCIA;ALEMANIA;SUECIA;EE.UU.;EE.UU."
"97","ALEMANIA;ALEMANIA;ALEMANIA;ESPANA;ESPANA;EE.UU.;EE.UU.;EE.UU.;EE.UU.;EE.UU.;EE.UU.;EE.UU.;EE.UU.;EE.UU.;EE.UU.;EE.UU.;EE.UU.;EE.UU.;EE.UU."
"98","BELGICA;BELGICA;BELGICA;BELGICA;BELGICA;CONGO;CONGO;CONGO;CONGO;DINAMARCA;ESTONIA;FRANCIA;FRANCIA;FRANCIA;ALEMANIA;PAISES BAJOS;PORTUGAL;PORTUGAL;PORTUGAL;PORTUGAL;PORTUGAL;PORTUGAL;SUDAFRICA;SUDAFRICA;SUDAFRICA;SUDAFRICA;SUDAFRICA;SUDAFRICA;SUDAFRICA;SUDAFRICA;SUDAFRICA;SUECIA;SUECIA;SUECIA;SUECIA;SUECIA;SUECIA;SUECIA;SUECIA;SUECIA;ZAMBIA"
"99","SUIZA;SUIZA;SUIZA;SUIZA;SUIZA;SUIZA"
"100","AUSTRIA;AUSTRIA;AUSTRIA;AUSTRIA;AUSTRIA;AUSTRIA;AUSTRIA;CANADA;CROACIA;CROACIA;CROACIA;CROACIA;CROACIA;CROACIA;CROACIA;CROACIA;CROACIA;CROACIA;CROACIA;CROACIA;CROACIA;CROACIA;CROACIA;CROACIA;CROACIA;CROACIA;CROACIA;CROACIA;CROACIA;CROACIA;CROACIA;CROACIA;CROACIA;CROACIA;ITALIA;PORTUGAL;SERBIA;SERBIA;SERBIA;SERBIA;SERBIA;SERBIA;SERBIA;SERBIA;SERBIA;SERBIA;SERBIA;ESPANA;ESPANA;ESPANA;ESPANA;ESPANA;ESPANA;EE.UU.;EE.UU.;EE.UU.;EE.UU.;EE.UU.;EE.UU.;EE.UU.;EE.UU.;EE.UU.;EE.UU.;EE.UU.;EE.UU.;EE.UU.;EE.UU."
"101","KOREA;EE.UU.;EE.UU.;EE.UU.;EE.UU.;EE.UU.;EE.UU.;EE.UU.;EE.UU."
"102","EE.UU.;EE.UU.;EE.UU.;EE.UU."
"103","ALEMANIA;ALEMANIA;ALEMANIA;HUNGRIA;HUNGRIA;HUNGRIA;ITALIA;ITALIA;ITALIA;ITALIA"
"104","HUNGRIA;HUNGRIA;HUNGRIA;ITALIA;ITALIA;ITALIA"
"105","RUSIA;RUSIA;RUSIA;RUSIA;RUSIA;RUSIA"
"106","SUDAFRICA"
"107","ESPANA;ESPANA;ESPANA"
"108","EE.UU.;EE.UU.;EE.UU.;EE.UU.;EE.UU.;EE.UU.;EE.UU.;EE.UU.;EE.UU.;EE.UU.;EE.UU.;EE.UU.;EE.UU.;EE.UU.;EE.UU.;EE.UU.;EE.UU.;EE.UU.;EE.UU.;EE.UU."
"109","CHINA;CHINA;CHINA;CHINA;CHINA;CHINA;CHINA;CHINA;CHINA;CHINA;CHINA;CHINA;CHINA;CHINA;CHINA;CHINA;CHINA;CHINA;CHINA;CHINA;CHINA;CHINA;CHINA;CHINA;CHINA"
"110","COLOMBIA;COLOMBIA;COLOMBIA;COLOMBIA;COLOMBIA;COLOMBIA;COLOMBIA;FRANCIA"
"111","GEORGIA;GEORGIA;GEORGIA;GEORGIA;GEORGIA;EE.UU.;EE.UU.;EE.UU.;EE.UU.;EE.UU.;EE.UU.;EE.UU."
"112","EE.UU.;EE.UU."
"113","EE.UU."
"114","ALEMANIA;ALEMANIA;ALEMANIA;ALEMANIA;ALEMANIA;ALEMANIA;ALEMANIA;ALEMANIA;ALEMANIA;ALEMANIA;ITALIA;LUXEMBURGO;LUXEMBURGO;LUXEMBURGO"
"115","DINAMARCA;DINAMARCA;ESTONIA;ESTONIA;FINLANDIA;FINLANDIA;ALEMANIA;ALEMANIA;ALEMANIA;ALEMANIA;LETONIA;LITUANIA;PAISES BAJOS;PAISES BAJOS;NORUEGA;NORUEGA;POLONIA;POLONIA;POLONIA;POLONIA;RUSIA;SUECIA;REINO UNIDO;REINO UNIDO;REINO UNIDO;REINO UNIDO;REINO UNIDO;REINO UNIDO;REINO UNIDO;REINO UNIDO;REINO UNIDO;REINO UNIDO;REINO UNIDO;REINO UNIDO"
"116",NA
"117","MEXICO;SUDAFRICA;SUECIA;SUECIA;EE.UU."
"118","ARGENTINA;ARGENTINA;ARGENTINA;ARGENTINA;MEXICO"
"119","LETONIA;LETONIA;LETONIA;LETONIA;LETONIA;LETONIA;LETONIA;LETONIA"
"120","CHINA;CHINA;CHINA;CHINA;CHINA;CHINA;CHINA;CHINA;CHINA;CHINA;CHINA;CHINA;CHINA;CHINA;CHINA;CHINA;CHINA;CHINA;CHINA;CHINA;CHINA;CHINA;CHINA;CHINA;CHINA;CHINA;CHINA;CHINA;CHINA;CHINA;CHINA"
"121","EE.UU."
"122","BELGICA;BELGICA;FRANCIA;FRANCIA;FRANCIA;ALEMANIA;ALEMANIA;ALEMANIA;ALEMANIA;ALEMANIA;ALEMANIA;ALEMANIA;ALEMANIA;ALEMANIA;ALEMANIA;ALEMANIA;ALEMANIA;ALEMANIA;ITALIA;EE.UU."
"123","COLOMBIA;COLOMBIA;COLOMBIA;COLOMBIA;COLOMBIA;COLOMBIA;COLOMBIA;COLOMBIA"
"124","FRANCIA;ALEMANIA;ALEMANIA;PORTUGAL;PORTUGAL;PORTUGAL;PORTUGAL;PORTUGAL;PORTUGAL;PORTUGAL;PORTUGAL;PORTUGAL;SUIZA"
"125","DINAMARCA;DINAMARCA;DINAMARCA;DINAMARCA;DINAMARCA;DINAMARCA;ISLANDIA;ISLANDIA;NORUEGA;SUECIA;SUIZA;EE.UU."
"126","EE.UU.;EE.UU.;EE.UU.;EE.UU.;EE.UU.;EE.UU.;EE.UU."
"127","CANADA;CANADA;CANADA;CANADA;CANADA;CANADA;CANADA;CANADA;CANADA;DINAMARCA;JAPON;EE.UU.;EE.UU.;EE.UU.;EE.UU.;EE.UU.;EE.UU."
"128","HUNGRIA;HUNGRIA;HUNGRIA;HUNGRIA;HUNGRIA;HUNGRIA;HUNGRIA;HUNGRIA;HUNGRIA;HUNGRIA;HUNGRIA;HUNGRIA;HUNGRIA;HUNGRIA;HUNGRIA;HUNGRIA;HUNGRIA;HUNGRIA;HUNGRIA;HUNGRIA;HUNGRIA;HUNGRIA;HUNGRIA;HUNGRIA;HUNGRIA;HUNGRIA;HUNGRIA;EE.UU."
"129","VIETNAM;VIETNAM;VIETNAM;VIETNAM;VIETNAM;VIETNAM;VIETNAM;VIETNAM;VIETNAM;VIETNAM;VIETNAM;VIETNAM;VIETNAM;VIETNAM"
"130","ESLOVENIA;ESLOVENIA;ESLOVENIA"
"131","JAPON;JAPON;JAPON;JAPON;EE.UU."
"132","EE.UU."
"133","ALEMANIA"
"134","EE.UU.;EE.UU.;EE.UU.;EE.UU.;EE.UU.;EE.UU.;EE.UU.;EE.UU.;EE.UU."
"135","AUSTRALIA;AUSTRALIA;BELGICA;FRANCIA;FRANCIA;FRANCIA;FRANCIA;FRANCIA;FRANCIA;FRANCIA;FRANCIA;FRANCIA;ALEMANIA;ALEMANIA;ALEMANIA;ALEMANIA;ALEMANIA;ALEMANIA;ALEMANIA;ALEMANIA;ALEMANIA;ALEMANIA;ALEMANIA;ALEMANIA;ALEMANIA;ALEMANIA"
"136","EE.UU.;EE.UU."
"137","ARGENTINA;ARGENTINA;ARGENTINA;ARGENTINA;ARGENTINA;ARGENTINA;ARGENTINA;ARGENTINA;ARGENTINA;ARGENTINA;ARGENTINA;ARGENTINA;ARGENTINA;EE.UU.;EE.UU.;EE.UU.;EE.UU.;EE.UU.;EE.UU."
"138","AUSTRIA;AUSTRIA;AUSTRIA;AUSTRIA;AUSTRIA;AUSTRIA;AUSTRIA;AUSTRIA"
"139","POLONIA;POLONIA;POLONIA"
"140","RUSIA;RUSIA;RUSIA;RUSIA;RUSIA;RUSIA;RUSIA;RUSIA;RUSIA;RUSIA;RUSIA;RUSIA;RUSIA"
"141","INDIA;INDIA;INDIA;INDIA;INDIA"
"142","ESLOVENIA;ESLOVENIA;ESLOVENIA;ESLOVENIA"
"143","ESLOVENIA;ESLOVENIA;ESLOVENIA;ESLOVENIA"
"144","ESLOVENIA;ESLOVENIA;ESLOVENIA"
"145","AUSTRALIA;DINAMARCA;DINAMARCA;DINAMARCA;DINAMARCA;DINAMARCA;ALEMANIA;POLONIA;POLONIA;POLONIA;POLONIA;POLONIA;SUIZA;SUIZA;SUIZA;SUIZA;SUIZA;SUIZA;SUIZA;SUIZA;SUIZA;SUIZA;EE.UU."
"146","ITALIA;ITALIA;ITALIA;ITALIA;ITALIA;ITALIA;ITALIA;ITALIA"
"147","EE.UU.;EE.UU.;EE.UU.;EE.UU.;EE.UU.;EE.UU.;EE.UU."
"148","CANADA;CANADA;REPUBLICA CHECA;ITALIA;EE.UU.;EE.UU.;EE.UU.;EE.UU.;EE.UU.;EE.UU.;EE.UU.;EE.UU.;EE.UU.;EE.UU.;EE.UU.;EE.UU.;EE.UU.;EE.UU."
"149","AUSTRIA;AUSTRIA;BULGARIA;BULGARIA;FRANCIA;FRANCIA;ALEMANIA;ALEMANIA;ALEMANIA;ALEMANIA;ALEMANIA;ALEMANIA;ALEMANIA;ALEMANIA;ALEMANIA;ALEMANIA;ALEMANIA;ALEMANIA;ALEMANIA;ALEMANIA;ITALIA;PAISES BAJOS;RUSIA;RUSIA;RUSIA;EE.UU.;EE.UU."
"150","PAISES BAJOS"
"151","ARGENTINA;ARGENTINA;ARGENTINA;ARGENTINA;ARGENTINA;ARGENTINA;ARGENTINA;ARGENTINA;ARGENTINA;ARGENTINA;ARGENTINA;ARGENTINA;ARGENTINA;ARGENTINA;EE.UU.;EE.UU.;EE.UU.;EE.UU.;EE.UU."
"152","ESLOVAQUIA;ESLOVAQUIA;ESLOVAQUIA;ESLOVAQUIA;ESLOVAQUIA;ESLOVAQUIA;ESLOVAQUIA"
"153","AUSTRALIA;AUSTRALIA;AUSTRALIA;AUSTRALIA;AUSTRALIA;AUSTRALIA;AUSTRALIA;AUSTRALIA;AUSTRALIA;AUSTRALIA;AUSTRALIA"
"154","ALEMANIA;ALEMANIA;ALEMANIA;ALEMANIA;ALEMANIA;ALEMANIA;SUDAFRICA;SUDAFRICA;SUDAFRICA;SUDAFRICA;SUDAFRICA;SUDAFRICA;SUDAFRICA;SUDAFRICA;SUDAFRICA;SUDAFRICA;SUDAFRICA;SUDAFRICA;SUDAFRICA;SUDAFRICA;SUDAFRICA;SUDAFRICA;SUDAFRICA;REINO UNIDO;REINO UNIDO;REINO UNIDO"
"155","AUSTRALIA;AUSTRALIA"
"156","ALEMANIA;ALEMANIA;ALEMANIA;ALEMANIA;ALEMANIA;ALEMANIA;ALEMANIA;ALEMANIA;ALEMANIA;ALEMANIA;ALEMANIA;ALEMANIA;ALEMANIA;ALEMANIA;ALEMANIA;ALEMANIA;ALEMANIA;ALEMANIA;ALEMANIA;ALEMANIA;ALEMANIA;ALEMANIA;ALEMANIA;ALEMANIA;ALEMANIA;ALEMANIA;ALEMANIA;ALEMANIA;ESPANA;ESPANA;EE.UU.;EE.UU."
"157","ALEMANIA;ALEMANIA;ALEMANIA;ALEMANIA;ALEMANIA;ALEMANIA;ALEMANIA"
"158","ESPANA"
"159","AUSTRIA;AUSTRIA;EE.UU.;EE.UU.;EE.UU.;EE.UU.;EE.UU.;EE.UU.;EE.UU.;EE.UU.;EE.UU.;EE.UU.;EE.UU.;EE.UU.;EE.UU.;EE.UU.;EE.UU.;EE.UU.;EE.UU.;EE.UU."
"160","AUSTRALIA;AUSTRIA;BELGICA;BELGICA;ESTONIA;ESTONIA;ALEMANIA;ALEMANIA;ALEMANIA;ALEMANIA;ALEMANIA;ALEMANIA;ALEMANIA;ALEMANIA;ALEMANIA;ALEMANIA;ALEMANIA;ALEMANIA;ALEMANIA;ALEMANIA;ALEMANIA;ALEMANIA;ALEMANIA;ALEMANIA;ALEMANIA;ALEMANIA;ALEMANIA;EE.UU.;EE.UU.;EE.UU.;EE.UU."
"161","AUSTRALIA;AUSTRALIA;AUSTRALIA;AUSTRALIA;CANADA;CANADA;FRANCIA;ALEMANIA;MEXICO;MEXICO;NUEVA ZELANDA;URUGUAY;EE.UU.;EE.UU.;EE.UU.;EE.UU.;EE.UU.;EE.UU.;EE.UU.;EE.UU.;EE.UU.;EE.UU.;EE.UU.;EE.UU.;EE.UU.;EE.UU.;EE.UU.;EE.UU."
"162","SUIZA;SUIZA"
"163","EE.UU.;EE.UU."
"164","AUSTRIA;AUSTRIA;AUSTRIA;AUSTRIA;AUSTRIA;AUSTRIA;AUSTRIA;AUSTRIA;AUSTRIA;AUSTRIA;AUSTRIA;AUSTRIA;AUSTRIA;AUSTRIA;AUSTRIA;AUSTRIA;AUSTRIA;AUSTRIA;CANADA;CROACIA;REPUBLICA CHECA;REPUBLICA CHECA;ITALIA;ITALIA;PAISES BAJOS;PORTUGAL;REINO UNIDO;EE.UU.;EE.UU.;EE.UU.;EE.UU."
"165","CHINA"
"166","AUSTRALIA;AUSTRALIA;AUSTRALIA;CANADA;CANADA;CANADA;CANADA;CANADA;CANADA;DINAMARCA;EE.UU.;EE.UU.;EE.UU.;EE.UU."
"167","BULGARIA;BULGARIA;BULGARIA;BULGARIA;BULGARIA"
"168","REINO UNIDO;REINO UNIDO;REINO UNIDO;REINO UNIDO"
"169","ESTONIA;ESTONIA;REINO UNIDO;REINO UNIDO"
"170","CHILE;CHILE;SUDAFRICA;SUDAFRICA;SUDAFRICA;SUDAFRICA;SUDAFRICA;SUDAFRICA;SUDAFRICA;SUECIA;SUECIA;SUECIA;SUECIA"
"171",NA
"172","CANADA;FRANCIA;FRANCIA;KENIA;KENIA;KENIA;KENIA;KENIA;KENIA;KENIA;KENIA;KENIA;KENIA;KENIA;MADAGASCAR;MADAGASCAR;SUDAFRICA;TANZANIA;TANZANIA;TANZANIA;EMIRATOS ARABES UNIDOS;EMIRATOS ARABES UNIDOS;EMIRATOS ARABES UNIDOS;EE.UU.;EE.UU.;EE.UU.;EE.UU.;EE.UU.;EE.UU.;EE.UU.;EE.UU.;EE.UU.;EE.UU.;EE.UU.;EE.UU.;EE.UU.;EE.UU.;EE.UU.;EE.UU.;EE.UU.;EE.UU.;EE.UU.;EE.UU.;EE.UU.;EE.UU.;EE.UU.;EE.UU.;EE.UU.;EE.UU.;EE.UU.;EE.UU.;EE.UU.;EE.UU.;EE.UU.;EE.UU.;EE.UU.;EE.UU.;EE.UU.;EE.UU.;EE.UU.;EE.UU.;EE.UU.;EE.UU.;EE.UU.;EE.UU.;EE.UU.;EE.UU.;EE.UU.;EE.UU.;EE.UU.;EE.UU.;EE.UU.;EE.UU.;EE.UU.;EE.UU."
"173",NA
"174","LETONIA;LETONIA;LETONIA;LETONIA;LETONIA;LETONIA"
"175","HUNGRIA;HUNGRIA;HUNGRIA;HUNGRIA;HUNGRIA;HUNGRIA;HUNGRIA;HUNGRIA;HUNGRIA;HUNGRIA;HUNGRIA"
"176","ALEMANIA;ALEMANIA;ALEMANIA"
"177","AUSTRIA;ISRAEL;ISRAEL;ISRAEL"
"178","INDIA;INDIA;INDIA;INDIA;INDIA"
"179","ITALIA;ITALIA;ITALIA;ITALIA;SUIZA;SUIZA;SUIZA;SUIZA;SUIZA;SUIZA;SUIZA;SUIZA"
"180","CHINA;CHINA;ALEMANIA;ALEMANIA;ALEMANIA;ISRAEL;ISRAEL;KOREA;RUSIA;RUSIA;RUSIA;RUSIA;RUSIA;RUSIA;RUSIA;RUSIA;RUSIA;RUSIA;RUSIA;RUSIA"
"181","JAPON;JAPON;JAPON;JAPON;JAPON;JAPON;JAPON"
"182","ALEMANIA;ALEMANIA;ALEMANIA;ALEMANIA;ALEMANIA;ALEMANIA;ALEMANIA;ALEMANIA;ALEMANIA;ALEMANIA;ALEMANIA;ALEMANIA;ALEMANIA;ALEMANIA;ALEMANIA;ALEMANIA;ALEMANIA;ALEMANIA;ALEMANIA;ALEMANIA;ALEMANIA;ALEMANIA;ALEMANIA;ALEMANIA;ALEMANIA;ALEMANIA;ALEMANIA;ALEMANIA;ALEMANIA;ALEMANIA;ALEMANIA;ALEMANIA;ALEMANIA;ALEMANIA;ALEMANIA;ALEMANIA;ALEMANIA;ALEMANIA;GRECIA;GRECIA;GRECIA;GRECIA;GRECIA;GRECIA;GRECIA;GRECIA;GRECIA;GRECIA;GRECIA;GRECIA;GRECIA;GRECIA;GRECIA;GRECIA;KOREA;EE.UU.;EE.UU.;EE.UU.;EE.UU.;EE.UU.;EE.UU.;EE.UU.;EE.UU.;EE.UU.;EE.UU."
"183","CHINA;CHINA;CHINA;CHINA;CHINA;CHINA;CHINA;CHINA;CHINA;CHINA;CHINA;CHINA;CHINA;CHINA;CHINA;CHINA;CHINA;CHINA"
"184","AUSTRALIA;EE.UU.;EE.UU.;EE.UU."
"185","EE.UU.;EE.UU.;EE.UU."
"186","ALEMANIA;ALEMANIA;ALEMANIA;ALEMANIA;ALEMANIA;ALEMANIA;ALEMANIA;ALEMANIA;ALEMANIA;ALEMANIA;ALEMANIA;ALEMANIA;ALEMANIA;ALEMANIA;ALEMANIA;ALEMANIA;ALEMANIA;ALEMANIA;SUDAFRICA"
"187","KENIA"
"188","ALEMANIA;ALEMANIA;ALEMANIA"
"189",NA
"190","AUSTRIA;FINLANDIA;FINLANDIA;FINLANDIA;ALEMANIA;RUSIA;RUSIA"
"191","AUSTRALIA;AZERBAIJAN;AZERBAIJAN;GEORGIA;GEORGIA;GEORGIA;GEORGIA;GEORGIA;ALEMANIA;GRECIA;GRECIA;GRECIA;GRECIA;GRECIA;GRECIA;GRECIA;GRECIA;GRECIA;SUECIA;SUECIA;SUECIA;SUECIA;SUECIA;SUECIA;SUECIA;TURQUIA;TURQUIA;TURQUIA;TURQUIA;TURQUIA;TURQUIA;TURQUIA;TURQUIA;TURQUIA;TURQUIA;TURQUIA;TURQUIA;TURQUIA;TURQUIA;TURQUIA;TURQUIA;TURQUIA;TURQUIA;TURQUIA;TURQUIA;TURQUIA;TURQUIA;TURQUIA;TURQUIA;TURQUIA;TURQUIA;TURQUIA;EE.UU.;EE.UU.;EE.UU."
"192","HUNGRIA;HUNGRIA;HUNGRIA;HUNGRIA;HUNGRIA;HUNGRIA;HUNGRIA;HUNGRIA;HUNGRIA;HUNGRIA;HUNGRIA;HUNGRIA;RUMANIA"
"193","CHILE;CHILE;CHILE;CHILE;EE.UU.;EE.UU.;EE.UU.;EE.UU.;EE.UU.;EE.UU.;EE.UU.;EE.UU.;EE.UU.;EE.UU.;EE.UU.;EE.UU.;EE.UU.;EE.UU."
"194",NA
"195","FRANCIA;FRANCIA;FRANCIA;FRANCIA;FRANCIA;FRANCIA"
"196","SUECIA;SUECIA"
"197","JAPON;JAPON;JAPON"
"198","CHINA;CHINA;FRANCIA"
"199","ITALIA"
"200","AUSTRIA;AUSTRIA;REPUBLICA CHECA;REPUBLICA CHECA;REPUBLICA CHECA;RUSIA;EE.UU.;EE.UU.;EE.UU.;EE.UU.;EE.UU.;EE.UU.;EE.UU.;EE.UU.;EE.UU."
"201","DINAMARCA;DINAMARCA;DINAMARCA;DINAMARCA;FRANCIA;EE.UU."
"202","AUSTRALIA;AUSTRALIA;AUSTRALIA;AUSTRALIA;AUSTRALIA;AUSTRALIA;AUSTRALIA;AUSTRALIA;AUSTRALIA;AUSTRALIA;AUSTRALIA;AUSTRALIA;AUSTRALIA;AUSTRALIA;AUSTRALIA;INDONESIA;INDONESIA;PORTUGAL"
"203","ALEMANIA;TURQUIA;TURQUIA;TURQUIA;TURQUIA;TURQUIA"
"204","ALEMANIA;ALEMANIA;ALEMANIA;ALEMANIA;ALEMANIA;ALEMANIA;ALEMANIA;ALEMANIA;ALEMANIA;ALEMANIA;ALEMANIA;ALEMANIA;ALEMANIA;ALEMANIA;ALEMANIA;ALEMANIA;ALEMANIA"
"205","FRANCIA;ALEMANIA;ALEMANIA;ALEMANIA;ALEMANIA;ALEMANIA;ISRAEL;ISRAEL;ISRAEL;ISRAEL;ISRAEL;ISRAEL;ISRAEL;ISRAEL;PAISES BAJOS;ESPANA;EE.UU.;EE.UU.;EE.UU.;EE.UU.;EE.UU.;EE.UU.;EE.UU.;EE.UU.;EE.UU.;EE.UU.;EE.UU.;EE.UU.;EE.UU.;EE.UU.;EE.UU.;EE.UU."
"206","AUSTRALIA;AUSTRALIA;CHINA;ALEMANIA;ALEMANIA;ALEMANIA;ALEMANIA;ALEMANIA;ALEMANIA;ALEMANIA"
"207",NA
"208","CANADA;CANADA;CANADA;CANADA;CANADA;CANADA;CANADA;CANADA;ITALIA;ITALIA;ITALIA;ITALIA;EE.UU."
"209","HUNGRIA;HUNGRIA;HUNGRIA;ITALIA;ITALIA;ITALIA"
"210","REINO UNIDO;REINO UNIDO"
"211","FRANCIA;JAPON;JAPON"
"212","AUSTRALIA;DINAMARCA;DINAMARCA;DINAMARCA;DINAMARCA;DINAMARCA;DINAMARCA;DINAMARCA;DINAMARCA;DINAMARCA;DINAMARCA;DINAMARCA;DINAMARCA;DINAMARCA;DINAMARCA;ITALIA;ITALIA;ITALIA;ITALIA;ITALIA;ITALIA;ITALIA;ITALIA"
"213","BRASIL;BRASIL;EE.UU.;EE.UU.;EE.UU.;EE.UU.;EE.UU."
"214","DINAMARCA;DINAMARCA;DINAMARCA;DINAMARCA;DINAMARCA;DINAMARCA"
"215","ESTONIA;NORUEGA;NORUEGA;NORUEGA;NORUEGA;POLONIA;SUECIA"
"216","AUSTRALIA;AUSTRALIA;AUSTRALIA;AUSTRALIA;AUSTRALIA;ALEMANIA;ALEMANIA;ALEMANIA;ALEMANIA;ALEMANIA;ALEMANIA;ALEMANIA;ALEMANIA;ALEMANIA;ALEMANIA;NUEVA ZELANDA;NUEVA ZELANDA;NUEVA ZELANDA;ISLAS SALOMON"
"217","AUSTRIA;CHINA;DINAMARCA;DINAMARCA;DINAMARCA;DINAMARCA;DINAMARCA;DINAMARCA;DINAMARCA;DINAMARCA;DINAMARCA;DINAMARCA;DINAMARCA;DINAMARCA;DINAMARCA;ESTONIA;FRANCIA;FRANCIA;ALEMANIA;ISLANDIA;ISLANDIA;ISLANDIA;ISLANDIA;ISLANDIA;ISLANDIA;ISLANDIA;ISLANDIA;ISLANDIA;IRLANDA;IRLANDA;MALASIA;MALASIA;MEXICO;PAISES BAJOS;NORUEGA;NORUEGA;NORUEGA;NORUEGA;NORUEGA;NORUEGA;NORUEGA;NORUEGA;NORUEGA;NORUEGA;PORTUGAL;ESPANA;ESPANA;ESPANA;ESPANA;SUECIA;SUECIA;SUECIA;SUECIA;CHINA;EE.UU.;EE.UU."
"218","EE.UU.;EE.UU.;EE.UU.;EE.UU.;EE.UU.;EE.UU.;EE.UU.;EE.UU.;EE.UU.;EE.UU.;EE.UU.;EE.UU.;EE.UU.;EE.UU.;EE.UU.;EE.UU.;EE.UU."
"219","EE.UU.;EE.UU."
"220","CANADA;CANADA;CANADA;CANADA;CANADA;CANADA;CANADA;CANADA;CANADA;CANADA;CANADA;DINAMARCA;FRANCIA;FRANCIA;FRANCIA;FRANCIA;EE.UU.;EE.UU.;EE.UU.;EE.UU.;EE.UU.;EE.UU.;EE.UU.;EE.UU.;EE.UU.;EE.UU.;EE.UU.;EE.UU.;EE.UU.;EE.UU.;EE.UU.;EE.UU.;EE.UU.;EE.UU.;EE.UU.;EE.UU.;EE.UU.;EE.UU.;EE.UU.;EE.UU.;EE.UU.;EE.UU."
"221","ARMENIA;GEORGIA;ALEMANIA;ALEMANIA;NORUEGA;NORUEGA;NORUEGA;NORUEGA"
"222","CHINA;CHINA;CHINA;CHINA;CHINA;CHINA;CHINA"
"223",NA
"224","ESLOVENIA;ESLOVENIA;ESLOVENIA;ESLOVENIA;ESLOVENIA"
"225","ISRAEL;ISRAEL;ISRAEL;ISRAEL;ISRAEL;ISRAEL"
"226","ALEMANIA"
"227","AUSTRIA;AUSTRIA;AUSTRIA;AUSTRIA;AUSTRIA;ALEMANIA;ALEMANIA;ALEMANIA;ALEMANIA;ALEMANIA;GRECIA;GRECIA;GRECIA;GRECIA;GRECIA;GRECIA;ITALIA;ITALIA;ITALIA;ITALIA;ITALIA;ITALIA;ITALIA;ITALIA;ITALIA;ITALIA;ITALIA;ITALIA;ITALIA;ITALIA;ITALIA;ITALIA;ITALIA;ITALIA;PORTUGAL;REINO UNIDO"
"228",NA
"229","PAISES BAJOS;PAISES BAJOS;PAISES BAJOS;PAISES BAJOS;PAISES BAJOS;PAISES BAJOS;PAISES BAJOS;PAISES BAJOS;PAISES BAJOS"
"230","SUIZA;SUIZA;SUIZA;SUIZA;SUIZA;SUIZA;SUIZA;SUIZA"
"231","AUSTRALIA;AUSTRALIA;AUSTRIA;AUSTRIA;DINAMARCA;DINAMARCA;DINAMARCA;DINAMARCA;DINAMARCA;ALEMANIA;ALEMANIA;ALEMANIA;ALEMANIA;ALEMANIA;ALEMANIA;ALEMANIA;ALEMANIA;ALEMANIA;ALEMANIA;ALEMANIA;ALEMANIA;ALEMANIA;ALEMANIA;ALEMANIA;ALEMANIA;ALEMANIA;ALEMANIA;ALEMANIA;ALEMANIA;ALEMANIA;ALEMANIA;ISLANDIA;ISLANDIA;ISLANDIA;ISLANDIA;ISLANDIA;IRLANDA;PAISES BAJOS;SUIZA;EE.UU.;EE.UU.;EE.UU.;EE.UU.;EE.UU.;EE.UU.;EE.UU.;EE.UU.;EE.UU.;EE.UU.;EE.UU.;EE.UU.;EE.UU.;EE.UU.;EE.UU.;EE.UU.;EE.UU.;EE.UU.;EE.UU.;EE.UU.;EE.UU.;EE.UU.;EE.UU.;EE.UU."
"232","ALEMANIA;ALEMANIA;ALEMANIA;SUDAFRICA;SUDAFRICA"
"233","CHINA;CHINA;CHINA;CHINA;CHINA;CHINA"
"234","ALEMANIA;ALEMANIA;ALEMANIA"
"235","CHINA;CHINA;CHINA;CHINA;CHINA;CHINA;CHINA;CHINA;CHINA;CHINA;CHINA;CHINA;CHINA;CHINA;CHINA;CHINA;CHINA;CHINA;CHINA;CHINA;CHINA;CHINA;CHINA;CHINA;CHINA;KIRGUISTAN;KIRGUISTAN;TAYIKISTAN;TAYIKISTAN;TAYIKISTAN;TAYIKISTAN"
"236","POLONIA;POLONIA;POLONIA;POLONIA"
"237","EE.UU.;EE.UU."
"238","EE.UU.;EE.UU.;EE.UU."
"239",NA
"240","EE.UU.;EE.UU."
"241","ALEMANIA;ALEMANIA;ALEMANIA;ALEMANIA;ALEMANIA;ISRAEL;ISRAEL;ISRAEL;ISRAEL;ISRAEL;ISRAEL;ISRAEL;EE.UU."
"242","CHILE;CHILE;CHILE;CHILE;CHILE;CHILE;CHILE;CHILE;CHILE;CHILE;CHILE;CHILE;CHILE;ESPANA;ESPANA;ESPANA;EMIRATOS ARABES UNIDOS"
"243","AUSTRIA"
"244","ALEMANIA;ALEMANIA;ALEMANIA;ALEMANIA;ALEMANIA;ALEMANIA;GRECIA;SUIZA;EE.UU.;EE.UU.;EE.UU."
"245","BENIN;BENIN;PORTUGAL;PORTUGAL;PORTUGAL;PORTUGAL;PORTUGAL;PORTUGAL;PORTUGAL;PORTUGAL;PORTUGAL;PORTUGAL;PORTUGAL;PORTUGAL;PORTUGAL;PORTUGAL;PORTUGAL;ESPANA;ESPANA;ESPANA;ESPANA;ESPANA;ESPANA"
"246","ITALIA;ESLOVENIA;ESLOVENIA;ESLOVENIA;ESLOVENIA"
"247","URUGUAY;URUGUAY;URUGUAY;URUGUAY;URUGUAY;URUGUAY;URUGUAY;URUGUAY"
"248","CHINA;CHINA"
"249","AUSTRIA;AUSTRIA;AUSTRIA;AUSTRIA;AUSTRIA;AUSTRIA;KOREA;KOREA;KOREA;KOREA;KOREA;KOREA;KOREA;KOREA;KOREA;KOREA;KOREA;KOREA;KOREA;KOREA;KOREA;PORTUGAL;EE.UU."
"250","ALEMANIA;ALEMANIA"
"251","CHINA;CHINA;CHINA;CHINA;CHINA;CHINA;CHINA;CHINA;CHINA;CHINA;CHINA;CHINA"
"252","CHINA;CHINA;CHINA"
"253","ALEMANIA;ALEMANIA;ALEMANIA;ALEMANIA;IRAN;IRAN;IRAN;IRAN;IRAN;IRAN;IRAN;IRAN;IRAN;ITALIA;ESPANA;SUIZA;SUIZA"
"254","HUNGRIA;HUNGRIA;HUNGRIA;HUNGRIA;HUNGRIA;HUNGRIA;HUNGRIA;HUNGRIA;HUNGRIA;HUNGRIA;HUNGRIA;HUNGRIA;HUNGRIA;HUNGRIA;HUNGRIA;HUNGRIA;HUNGRIA;HUNGRIA;HUNGRIA;HUNGRIA;HUNGRIA;HUNGRIA;HUNGRIA;HUNGRIA;HUNGRIA;HUNGRIA;ITALIA;ITALIA;RUMANIA;RUMANIA;SUECIA;SUECIA;TURQUIA;EE.UU."
"255","FINLANDIA;FINLANDIA;FINLANDIA;ALEMANIA"
"256","AUSTRALIA;AUSTRIA;AUSTRIA;AUSTRIA;AUSTRIA;GUAM;MEXICO;MEXICO;EE.UU.;EE.UU.;EE.UU.;EE.UU.;EE.UU.;EE.UU.;EE.UU.;EE.UU.;EE.UU.;EE.UU.;EE.UU.;EE.UU.;EE.UU.;EE.UU.;EE.UU.;EE.UU.;EE.UU.;EE.UU.;EE.UU.;EE.UU.;EE.UU.;EE.UU.;EE.UU.;EE.UU.;EE.UU.;EE.UU.;EE.UU.;EE.UU.;EE.UU.;EE.UU.;EE.UU.;EE.UU.;EE.UU.;EE.UU.;EE.UU.;EE.UU.;EE.UU.;EE.UU.;EE.UU.;EE.UU.;EE.UU.;EE.UU.;EE.UU.;EE.UU.;EE.UU.;EE.UU.;EE.UU.;EE.UU.;VANUATU"
"257","ALEMANIA;ALEMANIA;ALEMANIA;ALEMANIA;ALEMANIA;ALEMANIA;ALEMANIA;ALEMANIA;ALEMANIA"
"258","ARGENTINA;ARGENTINA;ARGENTINA;ARGENTINA;ARGENTINA;ARGENTINA;ARGENTINA;ARGENTINA"
"259","BULGARIA;BULGARIA;BULGARIA;BULGARIA;BULGARIA"
"260","AUSTRALIA;CANADA;DINAMARCA;IRLANDA;IRLANDA;IRLANDA;IRLANDA;IRLANDA;MALTA;MALTA"
"261","JAPON;JAPON;JAPON;JAPON;JAPON;JAPON;JAPON"
"262",NA
"263","ITALIA;ITALIA;ITALIA;ITALIA;ITALIA;ITALIA;ITALIA;ITALIA"
"264","FRANCIA;FRANCIA"
"265","CHIPRE;CHIPRE;EGIPTO;JAPON;TURQUIA;TURQUIA;TURQUIA"
"266","AUSTRALIA;AUSTRIA;AUSTRIA;FRANCIA;FRANCIA;ALEMANIA;ALEMANIA;ALEMANIA;ALEMANIA;ALEMANIA;ALEMANIA;ALEMANIA;ALEMANIA;ALEMANIA;ALEMANIA;ALEMANIA;ALEMANIA;ALEMANIA;ALEMANIA;ALEMANIA;ALEMANIA;ALEMANIA;ALEMANIA;ALEMANIA;ALEMANIA;ALEMANIA;ALEMANIA;ALEMANIA;ALEMANIA;ALEMANIA"
"267","ALEMANIA;ALEMANIA;ALEMANIA;ALEMANIA;ALEMANIA;ALEMANIA;ALEMANIA;ALEMANIA;ALEMANIA;ALEMANIA;ALEMANIA;ALEMANIA;ALEMANIA;ALEMANIA;ALEMANIA;ALEMANIA;ALEMANIA;ALEMANIA;ALEMANIA;ALEMANIA;ITALIA;KAZAJISTAN;KAZAJISTAN;KAZAJISTAN"
"268","EE.UU.;EE.UU.;EE.UU.;EE.UU.;EE.UU."
"269","MEXICO;SUECIA;SUECIA;SUECIA;SUECIA"
"270","BRASIL;DINAMARCA;DINAMARCA;ITALIA;ITALIA;ITALIA;ITALIA;EE.UU."
"271","CHINA;CHINA;CHINA;CHINA;CHINA;CHINA;CHINA"
"272","CHINA;CHINA;CHINA"
"273","EE.UU.;EE.UU.;EE.UU.;EE.UU.;EE.UU."
"274","AUSTRALIA;FRANCIA;FRANCIA;FRANCIA;FRANCIA;FRANCIA;FRANCIA;FRANCIA;ALEMANIA;ALEMANIA;ALEMANIA;ALEMANIA;ALEMANIA;ALEMANIA;ALEMANIA"
"275","EE.UU."
"276","AUSTRIA;REPUBLICA CHECA;REPUBLICA CHECA;REPUBLICA CHECA;ALEMANIA;ALEMANIA;ALEMANIA;ALEMANIA;ALEMANIA;ALEMANIA;ALEMANIA;ALEMANIA;ALEMANIA;ALEMANIA;ALEMANIA;ALEMANIA;ALEMANIA;ALEMANIA;ALEMANIA;ALEMANIA;ALEMANIA;ALEMANIA;ALEMANIA;ALEMANIA;ALEMANIA;ALEMANIA;ALEMANIA;ALEMANIA;ALEMANIA;ALEMANIA;ALEMANIA;ALEMANIA;ALEMANIA;ALEMANIA;ALEMANIA;ALEMANIA;ALEMANIA;ALEMANIA;ALEMANIA;KAZAJISTAN;KAZAJISTAN;KAZAJISTAN;KAZAJISTAN;KAZAJISTAN;KAZAJISTAN;KAZAJISTAN;NUEVA ZELANDA;POLONIA;POLONIA;POLONIA;ESPANA;ESPANA;ESPANA;ESPANA;ESPANA"
"277","CHIPRE"
"278","AUSTRALIA;AUSTRIA;AUSTRIA;AUSTRIA;REPUBLICA CHECA;ALEMANIA;ALEMANIA;ALEMANIA;HUNGRIA;HUNGRIA;HUNGRIA;HUNGRIA;HUNGRIA;HUNGRIA;HUNGRIA;HUNGRIA;HUNGRIA;HUNGRIA;HUNGRIA;HUNGRIA;HUNGRIA;HUNGRIA;HUNGRIA;HUNGRIA;HUNGRIA;HUNGRIA;HUNGRIA;HUNGRIA;HUNGRIA;HUNGRIA;HUNGRIA;HUNGRIA;HUNGRIA;HUNGRIA;HUNGRIA;HUNGRIA;HUNGRIA;HUNGRIA;KOREA;TURQUIA;EE.UU.;EE.UU.;EE.UU."
"279","AUSTRIA;AUSTRIA;AUSTRIA;AUSTRIA;BELGICA;BELGICA;CROACIA;REPUBLICA CHECA;REPUBLICA CHECA;REPUBLICA CHECA;ALEMANIA;ALEMANIA;HUNGRIA;HUNGRIA;HUNGRIA;HUNGRIA;HUNGRIA;HUNGRIA;HUNGRIA;HUNGRIA;HUNGRIA;HUNGRIA;HUNGRIA;HUNGRIA;HUNGRIA;ITALIA;LETONIA;LITUANIA;LITUANIA;MOLDAVIA;POLONIA;POLONIA;POLONIA;PORTUGAL;PORTUGAL;PORTUGAL;RUMANIA;RUMANIA;RUSIA;REINO UNIDO;ESPANA;ESPANA;ESPANA;ESPANA;ESPANA;SUIZA"
"280","ESTONIA;ALEMANIA;ITALIA;ITALIA;ITALIA;ITALIA;ITALIA;ITALIA;ITALIA;ITALIA;ITALIA"
"281","SUIZA;SUIZA;SUIZA;SUIZA;SUIZA;SUIZA;SUIZA;SUIZA"
"282","ARGENTINA;ARGENTINA;ARGENTINA;ARGENTINA;ARGENTINA;ARGENTINA;ARGENTINA;ARGENTINA;ARGENTINA;ARGENTINA;CHILE"
"283","SUIZA;SUIZA;SUIZA;SUIZA;SUIZA;SUIZA"
"284","HUNGRIA;HUNGRIA;HUNGRIA;HUNGRIA;HUNGRIA;HUNGRIA;HUNGRIA;HUNGRIA;HUNGRIA;HUNGRIA;HUNGRIA;HUNGRIA;HUNGRIA;HUNGRIA;HUNGRIA;RUMANIA;RUMANIA"
"285","AUSTRIA;BELIZE;BELIZE;BELIZE;BELIZE;EE.UU.;EE.UU.;EE.UU.;EE.UU.;EE.UU.;EE.UU.;EE.UU.;EE.UU.;EE.UU.;EE.UU.;EE.UU.;EE.UU.;EE.UU.;EE.UU.;EE.UU.;EE.UU.;EE.UU.;EE.UU.;EE.UU.;EE.UU.;EE.UU.;EE.UU.;EE.UU."
"286","AUSTRALIA;KOREA;KOREA"
"287","COLOMBIA;COLOMBIA;COLOMBIA;DINAMARCA;ALEMANIA;ALEMANIA;ALEMANIA;ALEMANIA;ALEMANIA;ALEMANIA;ALEMANIA;ALEMANIA;ALEMANIA;ALEMANIA;ALEMANIA;ALEMANIA;ALEMANIA;EE.UU.;EE.UU.;EE.UU.;EE.UU.;EE.UU.;EE.UU.;EE.UU.;EE.UU.;EE.UU.;EE.UU.;EE.UU."
"288","RUSIA;RUSIA;RUSIA;RUSIA;RUSIA;RUSIA;RUSIA;RUSIA;RUSIA;RUSIA;RUSIA;RUSIA;RUSIA;RUSIA;RUSIA;RUSIA;EE.UU."
"289","AUSTRIA;AUSTRIA;CANADA;CANADA;CHINA;KENIA;KENIA;KENIA;KENIA;MALAUI;MALAUI;MALAUI;MALAUI;NORUEGA;PORTUGAL;SUDAFRICA;ESPANA;TANZANIA;TANZANIA;TANZANIA;EE.UU.;EE.UU.;EE.UU.;EE.UU.;EE.UU.;EE.UU.;EE.UU.;EE.UU.;EE.UU.;EE.UU.;EE.UU.;EE.UU.;EE.UU.;EE.UU.;EE.UU.;EE.UU.;EE.UU.;EE.UU.;EE.UU.;EE.UU.;EE.UU.;EE.UU.;EE.UU.;EE.UU.;EE.UU.;EE.UU.;EE.UU.;EE.UU.;EE.UU.;EE.UU.;EE.UU.;EE.UU.;EE.UU.;EE.UU.;EE.UU.;EE.UU.;ZAMBIA;ZAMBIA"
"290","KOREA;KOREA;KOREA;KOREA;KOREA;KOREA;KOREA;KOREA"
"291","ALEMANIA;IRLANDA;IRLANDA;PORTUGAL;REINO UNIDO;REINO UNIDO;REINO UNIDO;REINO UNIDO;REINO UNIDO;REINO UNIDO;REINO UNIDO;REINO UNIDO;REINO UNIDO;REINO UNIDO;REINO UNIDO;REINO UNIDO;REINO UNIDO;REINO UNIDO;REINO UNIDO;REINO UNIDO;REINO UNIDO;REINO UNIDO;REINO UNIDO;REINO UNIDO;REINO UNIDO;REINO UNIDO;REINO UNIDO;REINO UNIDO;REINO UNIDO"
"292","BELGICA;ESTONIA;ESTONIA;ESTONIA;ESTONIA;ESTONIA;ESTONIA"
"293","ESTONIA;REINO UNIDO;REINO UNIDO;REINO UNIDO;REINO UNIDO;REINO UNIDO;REINO UNIDO;REINO UNIDO"
"294","ARGENTINA;ARGENTINA;DINAMARCA;DINAMARCA;DINAMARCA;DINAMARCA;DINAMARCA;REINO UNIDO;REINO UNIDO;REINO UNIDO;REINO UNIDO;REINO UNIDO;REINO UNIDO;EE.UU."
"295","ALEMANIA;SUIZA;SUIZA;SUIZA;SUIZA;SUIZA;SUIZA;SUIZA;SUIZA;SUIZA"
"296","SUECIA;SUECIA;EE.UU.;EE.UU.;EE.UU.;EE.UU."
"297","ITALIA;ITALIA;ITALIA;ITALIA;ITALIA;ITALIA;ITALIA;ITALIA"
"298","ALEMANIA;ALEMANIA;ALEMANIA;ALEMANIA;ALEMANIA;SUECIA;EE.UU.;EE.UU.;EE.UU.;EE.UU.;EE.UU.;EE.UU.;EE.UU.;EE.UU.;EE.UU.;EE.UU.;EE.UU.;EE.UU.;EE.UU.;EE.UU.;EE.UU."
"299","AUSTRIA;AUSTRIA;ESPANA;ESPANA;EE.UU.;EE.UU.;EE.UU.;EE.UU.;EE.UU.;EE.UU.;EE.UU."
"300","ALEMANIA;ITALIA;ITALIA;ITALIA;SUIZA;SUIZA"
"301","RUSIA;RUSIA;RUSIA;RUSIA;RUSIA;RUSIA;RUSIA;EE.UU."
"302","RUSIA;RUSIA;RUSIA"
"303",NA
"304","EE.UU.;EE.UU.;EE.UU.;EE.UU.;EE.UU.;EE.UU.;EE.UU.;EE.UU.;EE.UU.;EE.UU."
"305","ARGENTINA;AUSTRALIA;AUSTRALIA;AUSTRALIA;AUSTRALIA;AUSTRALIA;AUSTRIA;AUSTRIA;AUSTRIA;BRASIL;CANADA;CHINA;CHINA;CHINA;CHINA;ALEMANIA;ALEMANIA;ALEMANIA;ALEMANIA;ALEMANIA;ALEMANIA;ALEMANIA;ALEMANIA;ALEMANIA;ALEMANIA;ALEMANIA;ALEMANIA;ALEMANIA;ALEMANIA;HUNGRIA;INDIA;INDIA;INDIA;INDIA;INDIA;INDIA;ISRAEL;ISRAEL;JAPON;JAPON;JAPON;KENIA;LITUANIA;MEXICO;MEXICO;PAISES BAJOS;PAKISTAN;PERU;RUSIA;SUDAFRICA;ESPANA;SRI LANKA;SUIZA;EE.UU.;EE.UU.;EE.UU.;EE.UU.;EE.UU.;EE.UU.;EE.UU.;EE.UU.;EE.UU.;EE.UU.;EE.UU.;EE.UU.;EE.UU.;EE.UU.;EE.UU.;EE.UU.;EE.UU.;EE.UU.;EE.UU.;EE.UU.;EE.UU.;EE.UU.;EE.UU.;EE.UU.;EE.UU.;EE.UU.;EE.UU.;EE.UU.;EE.UU.;EE.UU.;EE.UU.;VANUATU"
"306","BRASIL;BRASIL;BRASIL;BRASIL"
"307","AUSTRIA;AUSTRIA;AUSTRIA;AUSTRIA;PORTUGAL"
"308","CHINA;CHINA;CHINA;CHINA;CHINA;CHINA;CHINA;CHINA;CHINA;CHINA;CHINA;CHINA;CHINA;CHINA;CHINA;CHINA;CHINA;CHINA;CHINA;CHINA;CHINA;EE.UU.;UZBEKISTAN;UZBEKISTAN"
"309","ITALIA;ITALIA;ITALIA;ITALIA;ITALIA;ITALIA;ITALIA;ITALIA;ITALIA;ITALIA;ITALIA;ITALIA;ITALIA"
"310","SUECIA;SUECIA;SUECIA;SUECIA"
"311","CHINA;CHINA;CHINA;CHINA;CHINA;CHINA;CHINA;CHINA;CHINA;CHINA;CHINA;CHINA;CHINA;CHINA;CHINA;CHINA;CHINA;CHINA"
"312","BIELORRUSIA;ESTONIA;ESTONIA;ESTONIA;ESTONIA;ESTONIA;ESTONIA;FRANCIA;ALEMANIA;ALEMANIA;ALEMANIA;ALEMANIA;ALEMANIA;ALEMANIA;ALEMANIA;ALEMANIA;ALEMANIA;ALEMANIA;ALEMANIA;NORUEGA;POLONIA;PORTUGAL;PORTUGAL;PORTUGAL;PORTUGAL;PORTUGAL;PORTUGAL;PORTUGAL;PORTUGAL;PORTUGAL;PORTUGAL;PORTUGAL;PORTUGAL;PORTUGAL;PORTUGAL;ESPANA;ESPANA;ESPANA;ESPANA;ESPANA;SUIZA;SUIZA;SUIZA;SUIZA;SUIZA;SUIZA;EE.UU."
"313","CANADA;INDIA;INDIA;INDIA;INDIA;INDIA;INDIA;SUECIA"
"314","REPUBLICA CHECA;POLONIA;POLONIA;POLONIA;POLONIA;POLONIA;POLONIA;POLONIA;POLONIA;POLONIA;POLONIA;POLONIA;POLONIA;POLONIA;POLONIA;POLONIA;SUDAFRICA;SUDAFRICA;SUECIA;SUECIA;SUECIA;SUECIA;SUECIA;SUECIA"
"315","REINO UNIDO"
"316","FRANCIA;FRANCIA;FRANCIA"
"317","AUSTRIA;ALEMANIA;ITALIA;ITALIA;ITALIA;ITALIA;ITALIA;ITALIA;ITALIA;ITALIA;ITALIA;ITALIA;ITALIA;ITALIA"
"318","ALEMANIA;ALEMANIA;ALEMANIA;ALEMANIA;ALEMANIA;ALEMANIA;ALEMANIA;ALEMANIA;ALEMANIA;ALEMANIA;ALEMANIA;ALEMANIA;ALEMANIA;ALEMANIA;ALEMANIA;ALEMANIA;ALEMANIA;ALEMANIA;ALEMANIA;ALEMANIA;ALEMANIA;ALEMANIA;ALEMANIA;ALEMANIA;ALEMANIA;ALEMANIA;ALEMANIA;ALEMANIA;ALEMANIA;ALEMANIA;ALEMANIA;ALEMANIA;ALEMANIA;ALEMANIA;ALEMANIA;MEXICO;SUIZA;SUIZA;EE.UU.;EE.UU.;EE.UU.;EE.UU.;EE.UU."
"319","CHINA;CHINA;CHINA;CHINA;ALEMANIA"
"320","CHINA;CHINA;CHINA;CHINA;CHINA;CHINA;CHINA;CHINA;CHINA;CHINA;CHINA;ALEMANIA;ALEMANIA;ALEMANIA;ALEMANIA;ALEMANIA;ALEMANIA;ALEMANIA;ALEMANIA;ALEMANIA;ALEMANIA"
"321","JAPON;JAPON;JAPON;JAPON;JAPON;JAPON;JAPON;JAPON;JAPON;JAPON;JAPON;JAPON;JAPON;JAPON;JAPON;JAPON"
"322","ALEMANIA;EE.UU.;EE.UU.;EE.UU.;EE.UU.;EE.UU."
"323","ITALIA;ITALIA;ITALIA"
"324","ALEMANIA;ALEMANIA;ITALIA;ITALIA;ITALIA;LIBIA;PORTUGAL;PORTUGAL;PORTUGAL;PORTUGAL;PORTUGAL;PORTUGAL;PORTUGAL;PORTUGAL;PORTUGAL;ESPANA;ESPANA;ESPANA;ESPANA;ESPANA;ESPANA;ESPANA;ESPANA"
"325","CHINA;CHINA;CHINA;ITALIA"
"326","BELGICA;ESTONIA;ESTONIA;ESTONIA;ESTONIA;ESTONIA;ESTONIA;ESTONIA;ESTONIA;ESTONIA;ESTONIA;ESTONIA;ESTONIA;ESTONIA;ITALIA;ITALIA;EE.UU.;EE.UU."
"327","AUSTRALIA;AUSTRALIA;AUSTRALIA;AUSTRALIA;AUSTRALIA;AUSTRALIA;AUSTRALIA"
"328","ESTONIA;ITALIA;ITALIA;ITALIA;ITALIA;PORTUGAL;PORTUGAL;PORTUGAL;PORTUGAL;PORTUGAL;PORTUGAL;PORTUGAL;PORTUGAL;PORTUGAL;EMIRATOS ARABES UNIDOS"
"329","REPUBLICA CHECA;REPUBLICA CHECA;REPUBLICA CHECA;ALEMANIA"
"330","FRANCIA;FRANCIA;FRANCIA;ALEMANIA;ALEMANIA;ALEMANIA;ALEMANIA;ALEMANIA;ALEMANIA;ALEMANIA;ALEMANIA;KOREA;KOREA;KIRGUISTAN;KIRGUISTAN;POLONIA;POLONIA;POLONIA;RUSIA;RUSIA;RUSIA;RUSIA;RUSIA;RUSIA;RUSIA;EE.UU.;EE.UU.;EE.UU."
"331","ESTONIA;ALEMANIA;NUEVA ZELANDA"
"332","AUSTRIA;AUSTRIA;AUSTRIA;AUSTRIA;AUSTRIA;AUSTRIA;DINAMARCA;GEORGIA;GEORGIA;GEORGIA;ALEMANIA;IRLANDA;IRLANDA;ISRAEL;ISRAEL;ISRAEL;PORTUGAL"
"333","AUSTRIA;AUSTRIA;CROACIA;CROACIA;CROACIA;ALEMANIA;ALEMANIA;ALEMANIA;EE.UU.;EE.UU.;EE.UU."
"334","AUSTRIA;AUSTRIA;AUSTRIA;CROACIA;ITALIA;ITALIA;ITALIA;ITALIA;SERBIA"
"335","DINAMARCA;MEXICO;MEXICO;MEXICO;MEXICO;MEXICO;MEXICO;MEXICO;MEXICO;MEXICO;EE.UU.;EE.UU.;EE.UU.;EE.UU."
"336","AUSTRALIA;AUSTRALIA;AUSTRALIA;AUSTRALIA;AUSTRALIA;AUSTRALIA;AUSTRALIA;ALEMANIA;ALEMANIA;ALEMANIA;ALEMANIA;ALEMANIA;ALEMANIA;ALEMANIA;ALEMANIA;ALEMANIA;ALEMANIA;ALEMANIA;ALEMANIA;ALEMANIA;ALEMANIA;INDONESIA;INDONESIA;INDONESIA;INDONESIA;INDONESIA;INDONESIA;INDONESIA;INDONESIA;INDONESIA;INDONESIA;INDONESIA;INDONESIA;KOREA;MALASIA"
"337","INDIA;INDIA;INDIA"
"338","AUSTRALIA;AUSTRALIA;BULGARIA;BULGARIA;REPUBLICA CHECA;REPUBLICA CHECA;DINAMARCA;FRANCIA;FRANCIA;FRANCIA;FRANCIA;FRANCIA;ALEMANIA;ALEMANIA;ALEMANIA;ALEMANIA;ALEMANIA;ALEMANIA;ALEMANIA;ALEMANIA;ALEMANIA;ALEMANIA;ALEMANIA;ALEMANIA;ALEMANIA;ALEMANIA;ALEMANIA;ALEMANIA;ALEMANIA;ALEMANIA;ALEMANIA;ALEMANIA;ITALIA;POLONIA;POLONIA;POLONIA;SUDAFRICA;ESPANA;ESPANA;ESPANA;ESPANA;ESPANA;TURQUIA;TURQUIA;TURQUIA;EE.UU."
"339","ALEMANIA;ALEMANIA;ALEMANIA;ALEMANIA;ALEMANIA;ALEMANIA;ALEMANIA"
"340","AUSTRIA;ALEMANIA"
"341","AUSTRALIA;CHINA;CHINA;CHINA;CHINA;CHINA;CHINA;CHINA;CHINA;CHINA;CHINA;CHINA;CHINA;CHINA;CHINA;CHINA;CHINA;CHINA;CHINA;CHINA;CHINA;CHINA;CHINA;CHINA;CHINA;CHINA;CHINA;CHINA;CHINA;CHINA;CHINA;EE.UU."
"342","FRANCIA;FRANCIA;FRANCIA;FRANCIA"
"343","ALEMANIA;ALEMANIA;ALEMANIA;ALEMANIA;ALEMANIA"
"344","ALEMANIA;ALEMANIA;ALEMANIA"
"345","EE.UU."
"346","CHINA;CHINA;CHINA;CHINA"
"347","SUIZA;SUIZA;SUIZA;SUIZA;SUIZA"
"348","ESTONIA;ALEMANIA;ALEMANIA;ALEMANIA;ALEMANIA;ALEMANIA;ALEMANIA;ALEMANIA;ALEMANIA;ALEMANIA;ALEMANIA;ALEMANIA;ALEMANIA;ALEMANIA;SUDAFRICA;TURQUIA;TURQUIA;TURQUIA"
"349","BELGICA;ESTONIA;ESTONIA;ESTONIA;ALEMANIA;ITALIA;ITALIA;ITALIA;ITALIA;ITALIA;ITALIA;ITALIA;ITALIA;ITALIA;ITALIA;ITALIA;ITALIA;ITALIA;ITALIA;PAISES BAJOS"
"350","GRECIA;GRECIA;GRECIA"
"351","ITALIA;ITALIA;ITALIA;ITALIA;ITALIA;ITALIA;POLONIA"
"352","CHINA;CHINA;CHINA;CHINA;CHINA;CHINA;CHINA;CHINA;CHINA;CHINA;CHINA;CHINA;CHINA;CHINA;CHINA;CHINA;CHINA;CHINA;EE.UU."
"353","ESPANA;ESPANA;ESPANA;ESPANA;ESPANA;ESPANA;ESPANA;ESPANA"
"354","FRANCIA;FRANCIA;ITALIA;NORUEGA;NORUEGA"
"355","ARGENTINA"
"356","ALEMANIA;ITALIA;ITALIA"
"357","FRANCIA;FRANCIA;FRANCIA;FRANCIA;ITALIA;ITALIA;ITALIA"
"358","EE.UU.;EE.UU.;EE.UU.;EE.UU.;EE.UU."
"359","INDIA;INDIA;INDIA"
"360","DINAMARCA;ALEMANIA;ALEMANIA;ALEMANIA;ALEMANIA;ALEMANIA;GRECIA;GRECIA;GRECIA;GRECIA;GRECIA;GRECIA;GRECIA;GRECIA;GRECIA;GRECIA;GRECIA;GRECIA;GRECIA;GRECIA;MEXICO;PORTUGAL;PORTUGAL;ESPANA;ESPANA;SUIZA;SUIZA;SUIZA;SUIZA;SUIZA;SUIZA;SUIZA;SUIZA;SUIZA;SUIZA;EE.UU."
"361","ALEMANIA;ALEMANIA;ALEMANIA;ALEMANIA;ALEMANIA;ALEMANIA;ALEMANIA;ALEMANIA"
"362","ALEMANIA;ITALIA;ITALIA;ITALIA;ITALIA;ITALIA;ITALIA;ITALIA;ITALIA;ITALIA;ITALIA;ITALIA;ITALIA;ITALIA;ITALIA;ITALIA;ESPANA"
"363","ESPANA;ESPANA;ESPANA;ESPANA"
"364","ITALIA;ITALIA;ITALIA;ITALIA;ITALIA;ITALIA;ITALIA;ITALIA;ITALIA;ITALIA;ITALIA;ITALIA;ITALIA"
"365","ITALIA;ITALIA;ITALIA;ITALIA;ITALIA;ITALIA;ITALIA;ITALIA;ITALIA"
"366","EE.UU.;EE.UU.;EE.UU.;EE.UU.;EE.UU.;EE.UU.;EE.UU.;EE.UU."
"367","CHINA;CHINA;CHINA;CHINA;CHINA;CHINA;CHINA;CHINA;CHINA;CHINA;CHINA;CHINA;CHINA;CHINA;CHINA;CHINA;CHINA;CHINA;CHINA;SINGAPUR"
"368","EE.UU.;EE.UU.;EE.UU.;EE.UU.;EE.UU.;EE.UU.;EE.UU.;EE.UU.;EE.UU.;EE.UU.;EE.UU.;EE.UU.;EE.UU.;EE.UU."
"369","EGIPTO;EGIPTO;EGIPTO;EGIPTO;EGIPTO"
"370","ITALIA;ITALIA;ITALIA;ITALIA;ITALIA;ITALIA;ITALIA;ITALIA;ITALIA;ITALIA;ITALIA;ITALIA;ITALIA;ITALIA;ITALIA;ITALIA;ITALIA;ITALIA"
"371","EE.UU.;EE.UU.;EE.UU.;EE.UU.;EE.UU.;EE.UU.;EE.UU.;EE.UU.;EE.UU.;EE.UU."
"372","ESTONIA;ESTONIA;ESTONIA;ESTONIA;ESTONIA;ESTONIA;ESTONIA;ESTONIA;ITALIA"
"373","AUSTRALIA;AUSTRALIA;AUSTRALIA;AUSTRALIA;AUSTRALIA;AUSTRALIA;AUSTRALIA;EE.UU.;EE.UU.;EE.UU."
"374","ITALIA"
"375","INDIA;INDIA;MALASIA;MALASIA;MALASIA;EE.UU."
"376","HUNGRIA;HUNGRIA;HUNGRIA;HUNGRIA;HUNGRIA;HUNGRIA;HUNGRIA;HUNGRIA;HUNGRIA;HUNGRIA;HUNGRIA;HUNGRIA;HUNGRIA;HUNGRIA;HUNGRIA;HUNGRIA;HUNGRIA;HUNGRIA;HUNGRIA;HUNGRIA;HUNGRIA;HUNGRIA;HUNGRIA;HUNGRIA;HUNGRIA;HUNGRIA"
"377","AUSTRIA;AUSTRIA;CROACIA;CROACIA;CROACIA;CROACIA;ESPANA"
"378","FRANCIA;FRANCIA;FRANCIA;FRANCIA;FRANCIA;FRANCIA;FRANCIA;FRANCIA;FRANCIA;FRANCIA;SUECIA;EE.UU.;EE.UU."
"379","FRANCIA;FRANCIA;FRANCIA;FRANCIA;EE.UU.;EE.UU.;EE.UU."
"380","EE.UU.;EE.UU."
"381","CANADA;CANADA;CANADA"
"382","AUSTRIA;AUSTRIA;AUSTRIA;AUSTRIA;AUSTRIA;AUSTRIA;AUSTRIA;AUSTRIA;CHINA;CHINA;CHINA;CHINA;CHINA;CHINA;CHINA;CHINA;CHINA;CHINA;CHINA;CHINA;CHINA;CHINA;CHINA;CHINA;CHINA;CHINA;CHINA;CHINA;CHINA;CHINA;CHINA;CHINA;CHINA;CHINA;CHINA;CHINA;CHINA;CHINA;CHINA;CHINA;CHINA;ALEMANIA;ALEMANIA;ALEMANIA;ALEMANIA;ALEMANIA;JAPON;JAPON;JAPON;JAPON;MONGOLIA;MONGOLIA;MONGOLIA;MONGOLIA;MONGOLIA;MONGOLIA;RUSIA;RUSIA;RUSIA;RUSIA;RUSIA;RUSIA;SINGAPUR;CHINA;CHINA;CHINA;CHINA;CHINA;EE.UU.;EE.UU.;EE.UU.;EE.UU.;EE.UU.;EE.UU.;EE.UU.;EE.UU.;EE.UU.;EE.UU.;EE.UU.;EE.UU.;EE.UU.;EE.UU.;EE.UU.;EE.UU.;EE.UU.;EE.UU.;EE.UU.;EE.UU.;EE.UU.;EE.UU.;EE.UU.;EE.UU.;EE.UU.;EE.UU.;EE.UU.;EE.UU.;EE.UU.;EE.UU.;EE.UU.;EE.UU.;EE.UU.;EE.UU.;EE.UU.;EE.UU.;EE.UU.;EE.UU.;EE.UU."
"383","AUSTRIA;AUSTRIA;AUSTRIA;AUSTRIA;ALEMANIA;ALEMANIA;HUNGRIA;HUNGRIA;HUNGRIA;HUNGRIA;HUNGRIA;HUNGRIA;HUNGRIA;HUNGRIA;HUNGRIA;HUNGRIA;HUNGRIA;HUNGRIA;HUNGRIA;HUNGRIA;HUNGRIA;HUNGRIA;HUNGRIA;HUNGRIA;ITALIA;ITALIA;ITALIA;ITALIA;MOLDAVIA;MOLDAVIA;MOLDAVIA;MOLDAVIA;PORTUGAL;RUMANIA;RUMANIA;RUMANIA;RUSIA;RUSIA;EE.UU.;EE.UU.;EE.UU.;EE.UU.;EE.UU.;EE.UU.;EE.UU.;EE.UU.;EE.UU.;EE.UU.;EE.UU.;EE.UU.;EE.UU.;EE.UU.;EE.UU.;EE.UU.;EE.UU.;EE.UU.;EE.UU.;EE.UU.;EE.UU.;EE.UU.;EE.UU.;EE.UU.;EE.UU.;EE.UU.;EE.UU.;EE.UU.;EE.UU.;EE.UU.;EE.UU."
"384","AUSTRALIA;NUEVA ZELANDA"
"385","ARGENTINA;ARGENTINA;ARGENTINA"
"386","BELGICA;BELGICA;BELGICA;DINAMARCA;ESTONIA;FRANCIA;HUNGRIA;IRLANDA;PAISES BAJOS;NORUEGA;NORUEGA;NORUEGA;NORUEGA;SUECIA"
"387","JAPON;JAPON;JAPON;JAPON;JAPON;JAPON;JAPON;JAPON;JAPON;JAPON;JAPON;JAPON"
"388","CHINA;CHINA;CHINA;CHINA;CHINA;CHINA;CHINA;CHINA;CHINA;CHINA;CHINA;CHINA;CHINA;CHINA;CHINA;CHINA;CHINA;CHINA;CHINA;CHINA;CHINA"
"389","LETONIA;LETONIA;LETONIA;LETONIA;LETONIA;LETONIA;LETONIA;LETONIA"
"390","EE.UU.;EE.UU.;EE.UU.;EE.UU.;EE.UU.;EE.UU."
"391","DINAMARCA;DINAMARCA;ALEMANIA;SUECIA;SUECIA;SUECIA;REINO UNIDO;REINO UNIDO"
"392","AUSTRIA;DINAMARCA;ALEMANIA;ALEMANIA;ITALIA;ITALIA;ITALIA;ITALIA;ITALIA;ITALIA;ITALIA;ITALIA;PORTUGAL;ESPANA;ESPANA;ESPANA;ESPANA;EE.UU.;EE.UU.;EE.UU.;EE.UU.;EE.UU.;EE.UU.;EE.UU."
"393","REPUBLICA CHECA;REPUBLICA CHECA;REPUBLICA CHECA;REPUBLICA CHECA;REPUBLICA CHECA;REPUBLICA CHECA;REPUBLICA CHECA;REPUBLICA CHECA"
"394","CHINA;CHINA;CHINA;CHINA;CHINA;CHINA;CHINA;CHINA;CHINA;CHINA;CHINA;CHINA"
"395","AUSTRALIA;EE.UU."
"396","EE.UU.;EE.UU.;EE.UU.;EE.UU.;EE.UU.;EE.UU.;EE.UU.;EE.UU."
"397","ESTONIA;RUSIA;RUSIA;RUSIA;RUSIA;RUSIA"
"398","CANADA;CANADA;DINAMARCA;DINAMARCA;ALEMANIA;ALEMANIA;ALEMANIA;ALEMANIA;ALEMANIA;ALEMANIA;ALEMANIA;ALEMANIA;ALEMANIA;ALEMANIA;ITALIA;MEXICO;NORUEGA;REINO UNIDO;REINO UNIDO;REINO UNIDO;EE.UU.;EE.UU.;EE.UU.;EE.UU.;EE.UU."
"399",NA
"400","AUSTRIA;AUSTRIA;AUSTRIA;AUSTRIA;AUSTRIA;AUSTRIA;AUSTRIA;COLOMBIA;ITALIA;ITALIA;EE.UU."
"401",NA
"402",NA
"403","AUSTRALIA;ALEMANIA;ALEMANIA;ALEMANIA;ALEMANIA"
"404","ALEMANIA;ALEMANIA;ALEMANIA;ALEMANIA"
"405","AUSTRALIA;EE.UU.;EE.UU."
"406","EE.UU.;EE.UU."
"407","AUSTRALIA;AUSTRIA;AUSTRIA;FRANCIA;FRANCIA;ALEMANIA;NUEVA ZELANDA;EE.UU.;EE.UU.;EE.UU.;VANUATU;VANUATU;VANUATU"
"408","ESPANA;ESPANA;ESPANA;ESPANA;REINO UNIDO;REINO UNIDO"
"409","BELGICA;DINAMARCA;FRANCIA;FRANCIA;FRANCIA;FRANCIA;FRANCIA;FRANCIA;FRANCIA;FRANCIA;FRANCIA;ALEMANIA;ALEMANIA;ALEMANIA;ALEMANIA;ALEMANIA;ITALIA;ESPANA;ESPANA;ESPANA"
"410","AUSTRALIA;CANADA;CANADA;CANADA"
"411","FRANCIA;ALEMANIA;ALEMANIA;ALEMANIA;ALEMANIA;ALEMANIA;ALEMANIA;ALEMANIA;ALEMANIA;ALEMANIA;ALEMANIA;ALEMANIA;ALEMANIA;ALEMANIA;ALEMANIA;ALEMANIA;ALEMANIA;ALEMANIA;ALEMANIA;ALEMANIA;INDIA;SUIZA;SUIZA;SUIZA"
"412","ARGENTINA;ARGENTINA;ARGENTINA;ARGENTINA;ARGENTINA;ARGENTINA"
"413","ARGENTINA;ARGENTINA;ARGENTINA;ARGENTINA;ARGENTINA;ARGENTINA;ARGENTINA;ARGENTINA;EE.UU.;EE.UU."
"414","CHINA;CHINA;CHINA;CHINA;CHINA;CHINA;CHINA;CHINA;CHINA;CHINA;CHINA;CHINA;CHINA;CHINA;CHINA;CHINA;CHINA"
"415","MEXICO;MEXICO;MEXICO;MEXICO;MEXICO;MEXICO;MEXICO"
"416","ALEMANIA;NORUEGA;NORUEGA;NORUEGA;SUIZA;SUIZA;SUIZA;SUIZA;SUIZA;SUIZA"
"417",NA
"418",NA
"419","CHINA;CHINA;CHINA;DINAMARCA;DINAMARCA;DINAMARCA;NORUEGA;NORUEGA;NORUEGA;NORUEGA;NORUEGA;NORUEGA;NORUEGA;NORUEGA;NORUEGA;NORUEGA;NORUEGA;NORUEGA"
"420","AUSTRALIA;AUSTRALIA;JAPON;JAPON;EE.UU."
"421","AUSTRALIA;AUSTRALIA;AUSTRALIA;AUSTRALIA;AUSTRALIA;AUSTRALIA;AUSTRALIA;AUSTRALIA;AUSTRALIA;AUSTRALIA"
"422","KOREA;KOREA;KOREA;KOREA;KOREA;KOREA;KOREA;KOREA;KOREA"
"423","ALEMANIA;ALEMANIA;ALEMANIA;ALEMANIA;ALEMANIA;ALEMANIA;ALEMANIA;ALEMANIA;ALEMANIA;ALEMANIA;KOREA;MONGOLIA;MONGOLIA;MONGOLIA;MONGOLIA;MONGOLIA;MONGOLIA;MONGOLIA;MONGOLIA;MONGOLIA;MONGOLIA;MONGOLIA;RUSIA;RUSIA;RUSIA;RUSIA;RUSIA;RUSIA;EE.UU.;EE.UU.;EE.UU.;EE.UU."
"424","ESTONIA;ESTONIA;GEORGIA;GEORGIA;ITALIA;ITALIA;ITALIA;ITALIA;ITALIA;ITALIA;ITALIA;ITALIA;NORUEGA;NORUEGA;NORUEGA;SUECIA;SUECIA;SUECIA"
"425","CHINA;CHINA;CHINA;CHINA;CHINA;CHINA;CHINA;CHINA;CHINA;CHINA;CHINA;CHINA;CHINA;CHINA;CHINA;CHINA;CHINA;CHINA;ITALIA;ITALIA;REINO UNIDO"
"426","AUSTRIA;AUSTRIA;AUSTRIA;AUSTRIA;AUSTRIA;AUSTRIA;AUSTRIA;AUSTRIA;AUSTRIA;AUSTRIA;AUSTRIA;AUSTRIA;AUSTRIA;AUSTRIA;AUSTRIA;AUSTRIA;AUSTRIA;AUSTRIA;PORTUGAL;EE.UU.;EE.UU.;EE.UU.;EE.UU.;EE.UU.;EE.UU."
"427","ESTONIA"
"428","FRANCIA;FRANCIA;FRANCIA;FRANCIA;FRANCIA;FRANCIA;FRANCIA;FRANCIA;FRANCIA;FRANCIA;RUSIA;RUSIA;RUSIA;RUSIA;RUSIA;RUSIA;RUSIA;RUSIA"
"429","BELGICA;BELGICA;ESTONIA;ESTONIA;IRLANDA;ITALIA"
"430","AUSTRALIA;ALEMANIA;ALEMANIA;ALEMANIA;ALEMANIA;ALEMANIA;ALEMANIA;ALEMANIA;ALEMANIA"
"431","IRLANDA"
"432","AUSTRALIA;AUSTRALIA;AUSTRALIA;CANADA;EE.UU."
"433","ESTONIA;ESTONIA;ESTONIA;FINLANDIA;FINLANDIA;FINLANDIA;FINLANDIA;ALEMANIA;ALEMANIA;ALEMANIA;ALEMANIA;ALEMANIA;ALEMANIA;PAISES BAJOS;ESPANA;ESPANA;SUIZA;SUIZA"
"434","ALEMANIA;ALEMANIA;ALEMANIA"
"435","AUSTRIA;CANADA;ESTONIA;ALEMANIA;IRLANDA;ITALIA"
"436","FRANCIA;FRANCIA;FRANCIA;FRANCIA;FRANCIA;FRANCIA;FRANCIA;FRANCIA;ALEMANIA;ALEMANIA;ALEMANIA;SUDAFRICA;ESPANA;ESPANA"
"437","BELGICA;CHINA;CHINA;CHINA;FRANCIA;ALEMANIA;ALEMANIA;ALEMANIA;ALEMANIA;ALEMANIA;ALEMANIA;RUSIA;RUSIA;RUSIA;RUSIA;RUSIA;ESPANA;ESPANA;ESPANA;EE.UU."
"438","BULGARIA;BULGARIA;BULGARIA;BULGARIA;BULGARIA;BULGARIA"
"439","EE.UU."
"440","FRANCIA;FRANCIA"
"441","ALEMANIA;ALEMANIA"
"442","EE.UU.;EE.UU.;EE.UU.;EE.UU."
"443","ARMENIA;AUSTRALIA;CANADA;CANADA;DINAMARCA;DINAMARCA;DINAMARCA;DINAMARCA;DINAMARCA;DINAMARCA;DINAMARCA;DINAMARCA;DINAMARCA;DINAMARCA;DINAMARCA;DINAMARCA;DINAMARCA;DINAMARCA;DINAMARCA;DINAMARCA;DINAMARCA;DINAMARCA;DINAMARCA;DINAMARCA;DINAMARCA;DINAMARCA;DINAMARCA;DINAMARCA;DINAMARCA;DINAMARCA;DINAMARCA;DINAMARCA;DINAMARCA;DINAMARCA;DINAMARCA;DINAMARCA;DINAMARCA;DINAMARCA;DINAMARCA;DINAMARCA;DINAMARCA;DINAMARCA;DINAMARCA;DINAMARCA;DINAMARCA;DINAMARCA;DINAMARCA;DINAMARCA;DINAMARCA;DINAMARCA;DINAMARCA;DINAMARCA;DINAMARCA;ESTONIA;ESTONIA;FRANCIA;ISLANDIA;IRLANDA;IRLANDA;IRLANDA;IRLANDA;ITALIA;ITALIA;MEXICO;NORUEGA;NORUEGA;NORUEGA;NORUEGA;NORUEGA;NORUEGA;POLONIA;POLONIA;POLONIA;POLONIA;POLONIA;RUSIA;RUSIA;RUSIA;RUSIA;RUSIA;RUSIA;SUECIA;SUECIA;SUECIA;SUECIA;SUECIA;SUECIA;SUECIA;SUECIA;SUECIA;SUECIA;SUECIA;SUECIA;SUECIA;SUECIA;CHINA;UCRANIA;EE.UU.;EE.UU."
"444","JAPON;JAPON;JAPON;JAPON;JAPON;JAPON;JAPON"
"445","ALEMANIA;ALEMANIA;ALEMANIA"
"446",NA
"447","ALEMANIA;ALEMANIA;ALEMANIA;ALEMANIA;ALEMANIA;ALEMANIA;ALEMANIA;ALEMANIA;ALEMANIA;ALEMANIA;ALEMANIA;ALEMANIA;ALEMANIA;ALEMANIA;ALEMANIA;ALEMANIA;ALEMANIA;ALEMANIA;ALEMANIA;ALEMANIA;ALEMANIA;ALEMANIA;POLONIA;POLONIA;SUIZA;SUIZA;SUIZA;SUIZA;SUIZA;EE.UU."
"448","KOREA;KOREA;KOREA;MONGOLIA;MONGOLIA"
"449","DINAMARCA;ALEMANIA;ALEMANIA;ALEMANIA;ALEMANIA;ALEMANIA;SUECIA;SUECIA;SUECIA"
"450","ARGENTINA;ARGENTINA;ARGENTINA"
"451","EE.UU.;EE.UU.;EE.UU.;EE.UU.;EE.UU.;EE.UU.;EE.UU.;EE.UU."
"452","PERU"
"453","ARGENTINA;ARGENTINA;ARGENTINA;ARGENTINA;ARGENTINA;ARGENTINA;ARGENTINA;ARGENTINA;ARGENTINA;ARGENTINA;CHILE;CHILE;ESPANA;ESPANA;ESPANA;EE.UU.;EE.UU.;EE.UU.;EE.UU.;EE.UU.;EE.UU.;EE.UU.;EE.UU.;EE.UU.;EE.UU.;EE.UU.;EE.UU.;EE.UU.;EE.UU.;EE.UU.;EE.UU.;EE.UU.;EE.UU."
"454","FINLANDIA;FINLANDIA;FINLANDIA;FINLANDIA;FINLANDIA;FINLANDIA;FINLANDIA;FINLANDIA;PORTUGAL;PORTUGAL"
"455","ALEMANIA;ALEMANIA"
"456","SUDAFRICA;SUDAFRICA;SUECIA;SUECIA;SUECIA;SUECIA;SUECIA;SUECIA;SUECIA;SUECIA"
"457","ALEMANIA;SUDAFRICA"
"458",NA
"459","AUSTRALIA;AUSTRALIA;BELGICA;BELGICA;BELGICA;BELGICA;BELGICA;BELGICA;BELGICA;BELGICA;BELGICA;BELGICA;BELGICA;BELGICA;BELGICA;BELGICA;BELGICA;BELGICA;SUECIA;SUECIA;SUECIA;EE.UU.;EE.UU.;EE.UU.;EE.UU.;EE.UU.;EE.UU.;EE.UU."
"460","JAPON;JAPON;JAPON;JAPON;JAPON;JAPON"
"461","REINO UNIDO;REINO UNIDO;REINO UNIDO;REINO UNIDO;REINO UNIDO;REINO UNIDO;REINO UNIDO;REINO UNIDO"
"462",NA
"463","CHINA;CHINA;CHINA;CHINA;CHINA;CHINA"
"464","CANADA;CANADA"
"465",NA
"466","CHINA;DINAMARCA;DINAMARCA;DINAMARCA;DINAMARCA;DINAMARCA;ALEMANIA;ALEMANIA;ALEMANIA;ALEMANIA;ALEMANIA;ALEMANIA;ALEMANIA;ALEMANIA;GRECIA;GRECIA;GRECIA;GRECIA;IRLANDA;IRLANDA;IRLANDA;REINO UNIDO;REINO UNIDO;REINO UNIDO;REINO UNIDO;REINO UNIDO"
"467","CANADA;CANADA;CANADA;INDIA;INDIA;SUECIA;TURQUIA;EE.UU."
"468","POLONIA;POLONIA;POLONIA;POLONIA;POLONIA;POLONIA;POLONIA;POLONIA;POLONIA;POLONIA;POLONIA;EE.UU."
"469","FRANCIA;FRANCIA;FRANCIA;FRANCIA;FRANCIA;FRANCIA;FRANCIA;FRANCIA;FRANCIA;UZBEKISTAN"
"470","ALEMANIA;ALEMANIA;ALEMANIA;ALEMANIA;ALEMANIA;ALEMANIA;ALEMANIA;ALEMANIA;ALEMANIA;ALEMANIA;MEXICO;MEXICO;MEXICO;MEXICO;MEXICO;MEXICO;ESPANA;SUIZA"
"471","EE.UU."
"472","CHINA;CHINA"
"473","BRASIL;BRASIL;BRASIL;BRASIL"
"474","ALEMANIA;ESPANA"
"475","IRAN;ISRAEL;ISRAEL;ISRAEL;ISRAEL"
"476","SUECIA;SUECIA"
"477","ALEMANIA"
"478",NA
"479","REPUBLICA CHECA;POLONIA;POLONIA;POLONIA;POLONIA;POLONIA;POLONIA;POLONIA;POLONIA;POLONIA;POLONIA;POLONIA;POLONIA;POLONIA;POLONIA;SUDAFRICA;SUDAFRICA;SUECIA;SUECIA;SUECIA"
"480","FRANCIA;FRANCIA;FRANCIA;FRANCIA;VIETNAM"
"481","DINAMARCA;DINAMARCA;DINAMARCA;ESPANA"
"482","FRANCIA;FRANCIA;FRANCIA;ESPANA;ESPANA;ESPANA;ESPANA;ESPANA"
"483","ALEMANIA;ALEMANIA;ALEMANIA;EE.UU.;EE.UU."
"484","AUSTRALIA;AZERBAIJAN;AZERBAIJAN;FRANCIA;FRANCIA;ALEMANIA;ALEMANIA;ALEMANIA;ALEMANIA;ALEMANIA;ALEMANIA;ALEMANIA;ALEMANIA;ITALIA;ITALIA;ITALIA;ITALIA;ITALIA;KOREA;TURQUIA;TURQUIA;TURQUIA;TURQUIA;TURQUIA;EE.UU.;EE.UU.;EE.UU."
"485","AUSTRIA;AUSTRIA;CROACIA;IRAN;IRLANDA;ISRAEL;ISRAEL;ISRAEL;ISRAEL;ISRAEL;ISRAEL;ISRAEL;ISRAEL;ISRAEL;ISRAEL;ISRAEL;ISRAEL;ISRAEL;ISRAEL;ISRAEL;ISRAEL;ISRAEL;ITALIA;ESPANA;EE.UU.;EE.UU.;EE.UU.;EE.UU.;EE.UU.;EE.UU.;EE.UU.;EE.UU.;EE.UU.;EE.UU.;EE.UU.;EE.UU."
"486","ARGENTINA;ARGENTINA;ARGENTINA;AUSTRALIA;AUSTRALIA;AUSTRALIA;BOLIVIA;BOLIVIA;BOLIVIA;CHILE;CHILE;ALEMANIA;ALEMANIA;ALEMANIA;ALEMANIA;PERU;PERU;PERU;PERU;PERU;PERU;SUIZA;EE.UU.;EE.UU.;EE.UU.;EE.UU.;EE.UU.;EE.UU.;EE.UU.;EE.UU.;EE.UU.;EE.UU.;EE.UU.;EE.UU.;EE.UU.;EE.UU.;EE.UU.;EE.UU.;EE.UU.;EE.UU.;EE.UU.;EE.UU.;EE.UU.;EE.UU."
"487","JAPON"
"488","AUSTRALIA;FRANCIA;FRANCIA;FRANCIA;FRANCIA;FRANCIA;FRANCIA;FRANCIA;FRANCIA;FRANCIA;FRANCIA;FRANCIA;FRANCIA;FRANCIA;ALEMANIA;GRECIA;GRECIA;IRAN;IRAN;IRAN;IRAN;RUMANIA;EE.UU.;EE.UU.;EE.UU.;EE.UU."
"489","CHILE;CHILE;CHILE;CHILE;CHILE;CHILE;CHILE;CHILE;NUEVA ZELANDA;NUEVA ZELANDA"
"490","BELGICA;BELGICA;CHILE;DINAMARCA;DINAMARCA;DINAMARCA;DINAMARCA;FRANCIA;FRANCIA;ALEMANIA;SUDAFRICA;SUDAFRICA;SUDAFRICA;SUDAFRICA;SUDAFRICA;SUDAFRICA;SUDAFRICA;SUDAFRICA;SUDAFRICA;SUDAFRICA;SUDAFRICA;SUDAFRICA;SUDAFRICA"
"491","ALEMANIA;ALEMANIA;ALEMANIA;ALEMANIA;ALEMANIA;ALEMANIA;ALEMANIA"
"492","FRANCIA;ALEMANIA;ALEMANIA;ALEMANIA;ALEMANIA;ALEMANIA;ALEMANIA;ALEMANIA;ALEMANIA;ALEMANIA;ALEMANIA"
"493","AUSTRIA;DINAMARCA;ESPANA;ESPANA;ESPANA;ESPANA;ESPANA;ESPANA;ESPANA;ESPANA;ESPANA"
"494","DINAMARCA;SUECIA;SUECIA;REINO UNIDO;REINO UNIDO;REINO UNIDO"
"495","SUIZA"
"496","CANADA;CANADA;CANADA;CANADA;CANADA;CANADA;CANADA;CANADA;CANADA;CANADA;CANADA;CANADA;CANADA;CANADA;CANADA;CANADA;CANADA;ESPANA;ESPANA;ESPANA"
"497","ITALIA;ITALIA;ITALIA;ITALIA;ITALIA;ITALIA;PAISES BAJOS"
"498","CHINA;CHINA;CHINA;CHINA;CHINA;CHINA;CHINA;CHINA;CHINA;CHINA;CHINA;CHINA;CHINA;CHINA;CHINA;CHINA;CHINA;CHINA;CHINA;CHINA;CHINA;CHINA;CHINA;CHINA;CHINA;CHINA;CHINA;CHINA;CHINA;CHINA;EE.UU."
"499","CHINA;JAPON;JAPON;JAPON;JAPON;JAPON;JAPON;JAPON;JAPON"
"500","AUSTRIA;AUSTRIA;AUSTRIA;AUSTRIA;BRASIL;CANADA;ALEMANIA;HUNGRIA;HUNGRIA;HUNGRIA;HUNGRIA;HUNGRIA;HUNGRIA;HUNGRIA;HUNGRIA;HUNGRIA;IRLANDA;IRLANDA;IRLANDA;IRLANDA;ITALIA;MONGOLIA;MONGOLIA;MONGOLIA;PORTUGAL;RUMANIA;RUSIA;RUSIA;REINO UNIDO;EE.UU.;EE.UU.;EE.UU.;EE.UU.;EE.UU.;EE.UU.;EE.UU.;EE.UU.;EE.UU.;EE.UU.;EE.UU.;EE.UU.;EE.UU.;EE.UU.;EE.UU.;EE.UU.;EE.UU.;EE.UU.;EE.UU.;EE.UU.;EE.UU.;EE.UU.;EE.UU.;EE.UU.;EE.UU.;EE.UU.;EE.UU.;EE.UU.;EE.UU."
"501","AUSTRIA;AUSTRIA;AUSTRIA;AUSTRIA;AUSTRIA;AUSTRIA;AUSTRIA;AUSTRIA;CROACIA;IRLANDA;IRLANDA;IRLANDA;IRLANDA;IRLANDA;IRLANDA;IRLANDA;ITALIA;ITALIA;ITALIA;ITALIA;ITALIA;ITALIA;ITALIA;ITALIA;ITALIA;ITALIA;ITALIA;ITALIA;ITALIA;ITALIA;ITALIA;ITALIA;ITALIA;ITALIA;PORTUGAL;ESPANA;ESPANA;ESPANA;ESPANA;ESPANA;ESPANA;ESPANA;ESPANA;ESPANA;ESPANA;EE.UU.;EE.UU.;EE.UU.;EE.UU.;EE.UU.;EE.UU.;EE.UU.;EE.UU.;EE.UU.;EE.UU.;EE.UU.;EE.UU.;EE.UU.;EE.UU.;EE.UU.;EE.UU.;EE.UU.;EE.UU.;EE.UU.;EE.UU.;EE.UU.;EE.UU.;EE.UU.;EE.UU.;EE.UU.;EE.UU.;EE.UU.;EE.UU.;EE.UU.;EE.UU.;EE.UU.;EE.UU.;EE.UU.;EE.UU.;EE.UU."
"502","AUSTRALIA;MEXICO"
"503","FRANCIA;ALEMANIA;ALEMANIA;ALEMANIA;ALEMANIA;ALEMANIA;ALEMANIA;ALEMANIA;ALEMANIA;ALEMANIA;ALEMANIA;ITALIA;ITALIA;ITALIA;ITALIA;ITALIA;ITALIA;ITALIA;ITALIA;ITALIA;ITALIA;ITALIA;ITALIA;ITALIA;ITALIA;ITALIA;ITALIA;ITALIA;ITALIA;ITALIA;ESPANA;ESPANA;EE.UU.;EE.UU.;EE.UU.;EE.UU.;EE.UU.;EE.UU.;EE.UU.;EE.UU.;EE.UU.;EE.UU.;EE.UU.;EE.UU.;EE.UU.;EE.UU.;EE.UU.;EE.UU.;EE.UU.;EE.UU.;EE.UU.;EE.UU.;EE.UU."
"504","POLONIA;POLONIA;POLONIA;POLONIA;POLONIA;POLONIA;POLONIA;POLONIA;POLONIA"
"505","DINAMARCA;MEXICO;SUIZA;SUIZA;SUIZA;SUIZA;SUIZA;SUIZA;EE.UU.;EE.UU."
"506","ITALIA;ITALIA;ITALIA;ITALIA;ITALIA;ITALIA;ITALIA;ITALIA;ITALIA;ITALIA;ITALIA;ITALIA;REINO UNIDO;REINO UNIDO;REINO UNIDO"
"507","ESPANA;ESPANA;ESPANA;ESPANA"
"508","ISRAEL;ISRAEL;ISRAEL;ISRAEL;ISRAEL;ISRAEL;ISRAEL"
"509","DINAMARCA;DINAMARCA;DINAMARCA;DINAMARCA;DINAMARCA;DINAMARCA;DINAMARCA;DINAMARCA;DINAMARCA;DINAMARCA;DINAMARCA;DINAMARCA;DINAMARCA;DINAMARCA;DINAMARCA;DINAMARCA;DINAMARCA;DINAMARCA;DINAMARCA;DINAMARCA;DINAMARCA;DINAMARCA;PAISES BAJOS;NORUEGA"
"510","CANADA;CANADA;CANADA;CANADA;ALEMANIA;ISRAEL;POLONIA"
"511","EE.UU."
"512","CANADA;CANADA"
"513","ALGERIA;LIBANO;ESPANA;ESPANA;ESPANA;TUNEZ"
"514","ESTONIA;ESTONIA;ITALIA;ITALIA;ITALIA;ITALIA;ITALIA;ITALIA;ITALIA;ITALIA;ITALIA;ITALIA;ITALIA;ITALIA;ITALIA;ITALIA;ITALIA;ITALIA;ITALIA;ITALIA;ITALIA;ITALIA"
"515","FINLANDIA;FINLANDIA;FINLANDIA;FINLANDIA;FINLANDIA;FINLANDIA;FINLANDIA;FINLANDIA;FINLANDIA;FINLANDIA;FINLANDIA;FINLANDIA;FINLANDIA;FINLANDIA;FINLANDIA;FINLANDIA;FINLANDIA;FINLANDIA;FINLANDIA;ALEMANIA;ALEMANIA;ALEMANIA;ALEMANIA;ALEMANIA;ALEMANIA;ALEMANIA;RUSIA;SUIZA"
"516","AUSTRIA;ITALIA;ITALIA;ITALIA;SUDAFRICA;SUECIA;SUECIA;EE.UU."
"517","AUSTRIA;ALEMANIA;GHANA;ITALIA;ITALIA;ITALIA;ITALIA;ITALIA;ITALIA;ITALIA;ITALIA;ITALIA;ITALIA;ITALIA;ITALIA;ITALIA;ITALIA;ITALIA;ITALIA;ESPANA;SUECIA;TANZANIA;EE.UU.;EE.UU.;EE.UU.;EE.UU.;EE.UU.;EE.UU."
"518","HUNGRIA;HUNGRIA;HUNGRIA;HUNGRIA;HUNGRIA;HUNGRIA;HUNGRIA;HUNGRIA;HUNGRIA"
"519",NA
"520","DINAMARCA;SUIZA;EE.UU."
"521","ALEMANIA;INDIA;INDIA;INDIA;INDIA;INDIA;INDIA;INDIA;INDIA;INDIA;INDIA;INDIA;INDIA;EE.UU.;EE.UU.;EE.UU.;EE.UU.;EE.UU.;EE.UU.;EE.UU.;EE.UU.;EE.UU.;EE.UU.;EE.UU.;EE.UU.;EE.UU.;EE.UU.;EE.UU."
"522","EE.UU.;EE.UU.;EE.UU."
"523","ESTONIA;POLONIA;POLONIA;SUDAFRICA;SUDAFRICA;SUECIA;SUECIA;SUECIA;SUECIA;SUECIA;SUECIA;SUECIA;SUECIA;SUECIA;SUECIA"
"524","BRASIL;BRASIL;BRASIL;BRASIL;BRASIL;BRASIL;BRASIL"
"525",NA
"526","BIELORRUSIA;ESTONIA;ESTONIA;ESTONIA;ESTONIA;ESTONIA;FRANCIA;FRANCIA;FRANCIA;FRANCIA;FRANCIA;ITALIA;ITALIA;PORTUGAL;PORTUGAL"
"527","IRLANDA;IRLANDA;IRLANDA;IRLANDA;IRLANDA;IRLANDA;IRLANDA;REINO UNIDO;REINO UNIDO;REINO UNIDO;REINO UNIDO;REINO UNIDO;REINO UNIDO;REINO UNIDO;REINO UNIDO;REINO UNIDO;REINO UNIDO;REINO UNIDO;REINO UNIDO;REINO UNIDO;REINO UNIDO;REINO UNIDO;REINO UNIDO"
"528","AUSTRALIA;SUIZA;SUIZA;SUIZA;SUIZA;SUIZA;SUIZA"
"529","ALEMANIA;ALEMANIA;ALEMANIA;ALEMANIA;ALEMANIA;ALEMANIA;ALEMANIA;KAZAJISTAN;KAZAJISTAN;EE.UU."
"530","ALEMANIA;ALEMANIA;ALEMANIA"
"531","CANADA;FRANCIA;FRANCIA;FRANCIA;FRANCIA;FRANCIA;RUSIA;RUSIA;RUSIA;RUSIA;RUSIA"
"532","BRASIL;BRASIL;BRASIL;BRASIL;BRASIL;BRASIL;BRASIL;BRASIL;BRASIL;BRASIL;BRASIL;ESPANA;ESPANA;ESPANA"
"533","AUSTRIA;AUSTRIA;AUSTRIA;EE.UU."
"534","AUSTRIA;AUSTRIA;AUSTRIA;CROACIA;CROACIA;CROACIA;CROACIA;IRLANDA;IRLANDA;IRLANDA;IRLANDA;IRLANDA;PORTUGAL"
"535","ALEMANIA;ALEMANIA;ALEMANIA;ALEMANIA;INDIA;INDIA;INDIA;INDIA;INDIA;INDIA;INDIA;INDIA;INDIA;INDIA;EE.UU.;EE.UU.;EE.UU.;EE.UU.;EE.UU.;EE.UU.;EE.UU.;EE.UU.;EE.UU.;EE.UU.;EE.UU.;EE.UU.;EE.UU.;EE.UU.;EE.UU.;EE.UU.;EE.UU.;EE.UU.;EE.UU.;EE.UU.;EE.UU.;EE.UU.;EE.UU.;EE.UU.;EE.UU.;EE.UU.;EE.UU.;EE.UU.;EE.UU.;EE.UU.;EE.UU.;EE.UU."
"536","CHINA;CHINA;CHINA;CHINA;CHINA;CHINA;CHINA;CHINA;CHINA;ALEMANIA;ALEMANIA;ALEMANIA;ALEMANIA"
"537","KOREA;KOREA;KOREA;KOREA;KOREA;KOREA"
"538","EE.UU.;EE.UU."
"539","REINO UNIDO"
"540","AUSTRALIA;BELGICA;ESTONIA;ESTONIA;ESTONIA;ESTONIA;ESTONIA;ESTONIA;ESTONIA;ESTONIA;ESTONIA;ESTONIA;ITALIA;REINO UNIDO"
"541","ALEMANIA;ALEMANIA;ALEMANIA;ALEMANIA;ALEMANIA;ALEMANIA;ALEMANIA;ALEMANIA;ALEMANIA;ALEMANIA;ALEMANIA;ALEMANIA;REINO UNIDO;REINO UNIDO"
"542","SUECIA;SUECIA"
"543","BELGICA;ESTONIA;ESTONIA;ESTONIA;ESTONIA;ESTONIA;ESTONIA;ESTONIA;ESTONIA;ESTONIA;ESTONIA;ESTONIA;ESTONIA;ESTONIA;ESTONIA;ESTONIA;ALEMANIA;ITALIA;KAZAJISTAN;RUSIA;RUSIA;RUSIA;RUSIA;RUSIA;RUSIA;RUSIA;RUSIA;RUSIA;RUSIA;RUSIA;UCRANIA;UCRANIA;UCRANIA;UCRANIA;UCRANIA;UCRANIA;UCRANIA;UCRANIA;UCRANIA;UCRANIA;UCRANIA;UCRANIA;UCRANIA;UCRANIA;UCRANIA;UCRANIA"
"544","CHINA;CHINA;CHINA;CHINA;CHINA;CHINA;CHINA;CHINA;CHINA;CHINA;CHINA;CHINA;CHINA;CHINA;CHINA;CHINA;CHINA;CHINA;DINAMARCA;DINAMARCA"
"545","KENIA;KENIA;KENIA;KENIA;ESPANA;TANZANIA;TANZANIA;TANZANIA;EE.UU.;EE.UU.;EE.UU.;EE.UU.;EE.UU.;EE.UU.;EE.UU.;EE.UU.;EE.UU.;EE.UU.;EE.UU.;EE.UU.;EE.UU.;EE.UU.;EE.UU.;EE.UU.;EE.UU.;EE.UU.;EE.UU.;EE.UU.;EE.UU.;EE.UU.;EE.UU.;EE.UU.;EE.UU.;EE.UU.;EE.UU.;EE.UU.;EE.UU.;EE.UU.;EE.UU.;EE.UU.;EE.UU.;EE.UU.;EE.UU.;ZAMBIA;ZAMBIA"
"546","ALEMANIA;ALEMANIA;ALEMANIA;ALEMANIA;ALEMANIA;ALEMANIA;ALEMANIA;ALEMANIA;KOREA;EE.UU.;EE.UU.;EE.UU.;EE.UU."
"547",NA
"548","ALEMANIA;ISRAEL"
"549","DINAMARCA;DINAMARCA;DINAMARCA;DINAMARCA;DINAMARCA;FRANCIA;FRANCIA"
"550","CANADA"
"551","AUSTRIA;BELGICA;ESTONIA;FRANCIA;FRANCIA;FRANCIA;ALEMANIA;ALEMANIA;ALEMANIA;ALEMANIA;ALEMANIA;ALEMANIA;ALEMANIA;ALEMANIA;ALEMANIA;ALEMANIA;ALEMANIA;ALEMANIA;ALEMANIA;ALEMANIA;ALEMANIA;ALEMANIA;ESPANA;REINO UNIDO;REINO UNIDO;REINO UNIDO;REINO UNIDO;REINO UNIDO;REINO UNIDO"
"552","POLONIA;POLONIA;POLONIA;POLONIA;POLONIA;POLONIA;POLONIA;POLONIA;POLONIA;POLONIA;POLONIA"
"553","CANADA;CANADA;CANADA;CANADA;CANADA;CANADA;CANADA;CANADA;CANADA;CANADA;CANADA;CANADA;CANADA;CANADA;DINAMARCA"
"554","ALEMANIA;ALEMANIA;ALEMANIA;ALEMANIA"
"555","ALEMANIA;IRLANDA;IRLANDA;ITALIA;ITALIA;ITALIA;ITALIA;ITALIA;ITALIA;ITALIA;ITALIA;ITALIA;ITALIA;ITALIA;ITALIA;ITALIA;ITALIA"
"556","ITALIA;ITALIA;ITALIA;ITALIA;ITALIA;ITALIA;ITALIA;SUIZA"
"557","ARMENIA;DINAMARCA;DINAMARCA;DINAMARCA;DINAMARCA;DINAMARCA;DINAMARCA;DINAMARCA;DINAMARCA;DINAMARCA;DINAMARCA;POLONIA;POLONIA;POLONIA;POLONIA;POLONIA;POLONIA;POLONIA;POLONIA;POLONIA;POLONIA;POLONIA;POLONIA;POLONIA;SUECIA;SUECIA;REINO UNIDO;REINO UNIDO;REINO UNIDO;REINO UNIDO"
"558","KOREA;KOREA;KOREA;KOREA;KOREA;KOREA;KOREA;KOREA"
"559","ALEMANIA;PAISES BAJOS;REINO UNIDO;REINO UNIDO;REINO UNIDO;REINO UNIDO;REINO UNIDO;REINO UNIDO;REINO UNIDO;REINO UNIDO;REINO UNIDO;REINO UNIDO;REINO UNIDO;REINO UNIDO;REINO UNIDO;REINO UNIDO;REINO UNIDO;REINO UNIDO;REINO UNIDO;REINO UNIDO;REINO UNIDO;REINO UNIDO;REINO UNIDO"
"560","BELGICA;BELGICA;ESTONIA;ESTONIA;ESTONIA;ESTONIA;ESTONIA;ESTONIA;ESTONIA;ESTONIA;ESTONIA;ESTONIA;ESTONIA;ESTONIA;ESTONIA;ESTONIA;ESTONIA;ESTONIA;ESTONIA;ESTONIA;ESTONIA;ESTONIA;ESTONIA;RUSIA;RUSIA;RUSIA;RUSIA;SUECIA"
"561","NORUEGA;NORUEGA;NORUEGA;NORUEGA;SUECIA;SUECIA;SUECIA;SUECIA"
"562",NA
"563","LIBANO;LIBANO"
"564","FRANCIA;FRANCIA;FRANCIA;FRANCIA;FRANCIA;FRANCIA;FRANCIA"
"565","PAISES BAJOS;EE.UU.;EE.UU.;EE.UU.;EE.UU.;EE.UU.;EE.UU.;EE.UU.;EE.UU.;EE.UU.;EE.UU.;EE.UU.;EE.UU.;EE.UU.;EE.UU.;EE.UU.;EE.UU.;EE.UU.;EE.UU."
"566","EE.UU.;EE.UU."
"567",NA
"568","AUSTRALIA;AUSTRALIA;AUSTRALIA;AUSTRALIA;AUSTRALIA;AUSTRALIA;AUSTRALIA;AUSTRALIA"
"569","EE.UU."
"570","EE.UU.;EE.UU.;EE.UU.;EE.UU.;EE.UU.;EE.UU.;EE.UU."
"571","DINAMARCA;DINAMARCA;DINAMARCA;FRANCIA;FRANCIA"
"572","FRANCIA;ALEMANIA;ALEMANIA;ALEMANIA;ALEMANIA;ALEMANIA;ALEMANIA;ESPANA;ESPANA;ESPANA;ESPANA;ESPANA;ESPANA;ESPANA;ESPANA;ESPANA;ESPANA;ESPANA;ESPANA;SUIZA;EE.UU."
"573","AUSTRIA;AUSTRIA;AUSTRIA;AUSTRIA;PORTUGAL;EE.UU."
"574","ITALIA;ITALIA;ITALIA;ITALIA;ITALIA;ITALIA;ITALIA;ITALIA"
"575","REPUBLICA CHECA;POLONIA;POLONIA;POLONIA;POLONIA;SUECIA;TURQUIA;TURQUIA"
"576","BELGICA;BELGICA;ESTONIA;ESTONIA"
"577","ESTONIA"
"578",NA
"579","DINAMARCA;DINAMARCA;ALEMANIA;ALEMANIA;PAISES BAJOS;PAISES BAJOS;PAISES BAJOS;PAISES BAJOS;PAISES BAJOS;ESPANA"
"580","CANADA;SUDAFRICA;EE.UU."
"581","CHINA;CHINA;CHINA;CHINA;CHINA;CHINA;CHINA;CHINA;CHINA;CHINA;CHINA;CHINA;CHINA;ALEMANIA"
"582","IRLANDA;EE.UU.;EE.UU.;EE.UU.;EE.UU."
"583",NA
"584","ITALIA;ITALIA;RUMANIA;RUMANIA;RUMANIA;RUMANIA;RUMANIA;RUMANIA;RUMANIA;RUMANIA;RUMANIA;RUMANIA;RUMANIA;RUMANIA;RUMANIA;RUMANIA;RUMANIA"
"585","KOREA;KOREA;KOREA;KOREA;RUSIA;RUSIA;RUSIA"
"586","DINAMARCA;FRANCIA;FRANCIA;SUECIA;SUECIA;EE.UU."
"587","REPUBLICA CHECA;REPUBLICA CHECA;REPUBLICA CHECA;REPUBLICA CHECA;REPUBLICA CHECA;REPUBLICA CHECA;POLONIA;POLONIA;POLONIA"
"588","AUSTRIA"
"589","DINAMARCA;DINAMARCA;DINAMARCA;DINAMARCA;FRANCIA"
"590","FINLANDIA;ALEMANIA"
"591","ALEMANIA;ALEMANIA;ITALIA"
"592","BRASIL"
"593","EE.UU.;EE.UU.;EE.UU.;EE.UU."
"594","ALEMANIA;ITALIA"
"595","ALEMANIA"
"596","DINAMARCA;DINAMARCA;DINAMARCA"
"597","CANADA;EE.UU."
"598","CANADA;CANADA;CHILE;REINO UNIDO"
"599","CANADA;CANADA"
"600","ALEMANIA"
"601","CHINA;FRANCIA;ITALIA;ITALIA;ITALIA;PAISES BAJOS;NORUEGA;NORUEGA;NORUEGA;NORUEGA;NORUEGA;NORUEGA;NORUEGA;NORUEGA;REINO UNIDO;REINO UNIDO"
"602","FRANCIA;FRANCIA;FRANCIA;FRANCIA;FRANCIA;FRANCIA"
"603","ITALIA;LIBANO;LIBANO;NUEVA ZELANDA;NUEVA ZELANDA;NUEVA ZELANDA;NUEVA ZELANDA;ESPANA;ESPANA;ESPANA"
"604","ESTONIA;ESTONIA;INDIA"
"605",NA
"606","EE.UU."
"607","DINAMARCA;ALEMANIA"
"608","FINLANDIA;FINLANDIA;FINLANDIA;FINLANDIA;FINLANDIA;FINLANDIA;ALEMANIA;ALEMANIA;ALEMANIA;ALEMANIA;ALEMANIA;ALEMANIA;ALEMANIA;ALEMANIA;ALEMANIA;ALEMANIA;ALEMANIA;ALEMANIA;ALEMANIA;RUSIA;RUSIA;RUSIA;RUSIA;RUSIA"
"609","EE.UU."
"610","ARGENTINA;ARGENTINA;ARGENTINA;ARGENTINA;ARGENTINA;AUSTRALIA;AUSTRALIA;AUSTRIA;BELIZE;BRASIL;BRASIL;BRASIL;BRASIL;BRASIL;BRASIL;BRASIL;BRASIL;BRASIL;BRASIL;BRASIL;BRASIL;BRASIL;BRASIL;BRASIL;CHILE;CHILE;CHILE;CHILE;CHINA;ALEMANIA;ALEMANIA;ALEMANIA;ALEMANIA;ALEMANIA;ALEMANIA;ALEMANIA;ALEMANIA;ALEMANIA;ALEMANIA;ALEMANIA;ALEMANIA;ALEMANIA;ALEMANIA;ALEMANIA;ITALIA;PERU;PERU;ESPANA;EE.UU.;EE.UU.;EE.UU.;EE.UU.;EE.UU.;EE.UU.;EE.UU.;EE.UU.;EE.UU.;EE.UU.;EE.UU.;EE.UU.;EE.UU.;EE.UU.;EE.UU.;EE.UU.;EE.UU.;EE.UU.;EE.UU.;EE.UU.;EE.UU.;EE.UU."
"611",NA
"612","ITALIA;ITALIA;ITALIA;ITALIA;ITALIA;ITALIA;ITALIA;ITALIA;ITALIA"
"613",NA
"614","AUSTRIA;ALEMANIA;ALEMANIA;ALEMANIA;ALEMANIA;ALEMANIA;ALEMANIA;ALEMANIA;ALEMANIA;ALEMANIA;ALEMANIA;ALEMANIA;ALEMANIA;ALEMANIA;ALEMANIA;ALEMANIA"
"615","DINAMARCA;DINAMARCA;DINAMARCA;DINAMARCA;DINAMARCA;FRANCIA;FRANCIA;FRANCIA;ALEMANIA;ALEMANIA;ALEMANIA;ALEMANIA;ALEMANIA;PAKISTAN;RUSIA;RUSIA;RUSIA;RUSIA;RUSIA"
"616","CHINA;CHINA;CHINA;CHINA"
"617","FRANCIA;FRANCIA;FRANCIA;FRANCIA;FRANCIA;FRANCIA;FRANCIA;FRANCIA;ISRAEL;RUMANIA;RUMANIA;RUSIA;SUECIA"
"618","BRASIL;BRASIL;BRASIL;BRASIL;BRASIL;BRASIL"
"619","ITALIA;NORUEGA;NORUEGA;NORUEGA;NORUEGA;NORUEGA"
"620","AUSTRIA;AUSTRIA;IRLANDA;IRLANDA;IRLANDA;POLONIA;POLONIA;POLONIA;POLONIA;POLONIA;POLONIA;POLONIA;POLONIA;POLONIA;PORTUGAL;REINO UNIDO;REINO UNIDO"
"621","BELGICA;REPUBLICA CHECA;ALEMANIA;ALEMANIA;ALEMANIA;SUIZA"
"622","ITALIA;ITALIA;ITALIA;ITALIA;ITALIA;ITALIA;ITALIA;ITALIA;ITALIA;ITALIA;EE.UU.;EE.UU.;EE.UU.;EE.UU.;EE.UU.;EE.UU.;EE.UU.;EE.UU.;EE.UU.;EE.UU.;EE.UU.;EE.UU.;EE.UU."
"623","ALEMANIA;ALEMANIA;ALEMANIA;ALEMANIA;ALEMANIA;ALEMANIA;ALEMANIA;ALEMANIA;ALEMANIA;SUIZA;SUIZA;SUIZA;SUIZA;SUIZA"
"624","ALEMANIA;SUECIA;SUECIA;SUECIA;SUECIA;SUECIA;SUECIA;SUECIA;SUECIA;SUECIA;SUECIA;SUECIA;TURQUIA;TURQUIA"
"625","AUSTRIA;ALEMANIA;ALEMANIA;ALEMANIA;ALEMANIA;ALEMANIA;ALEMANIA;ALEMANIA;ALEMANIA;ALEMANIA;IRLANDA;IRLANDA;ITALIA;ITALIA;ITALIA;ITALIA;EE.UU."
"626","FRANCIA;FRANCIA;FRANCIA;FRANCIA;FRANCIA;FRANCIA;FRANCIA;FRANCIA;FRANCIA;RUSIA;RUSIA;RUSIA;RUSIA"
"627","ISRAEL;POLONIA;POLONIA;POLONIA;POLONIA;POLONIA;POLONIA"
"628",NA
"629","ALEMANIA;ALEMANIA;ALEMANIA;ALEMANIA;ALEMANIA;ALEMANIA;ALEMANIA;ALEMANIA;ALEMANIA;EE.UU.;EE.UU.;EE.UU.;EE.UU.;EE.UU.;EE.UU.;EE.UU.;EE.UU.;EE.UU.;EE.UU.;EE.UU.;EE.UU.;EE.UU.;EE.UU.;EE.UU.;EE.UU.;EE.UU."
"630","ISRAEL;ISRAEL;ISRAEL;ISRAEL;ISRAEL;ISRAEL;ISRAEL;EE.UU.;EE.UU.;EE.UU.;EE.UU.;EE.UU.;EE.UU.;EE.UU.;EE.UU.;EE.UU.;EE.UU.;EE.UU.;EE.UU.;EE.UU.;EE.UU.;EE.UU.;EE.UU.;EE.UU.;EE.UU.;EE.UU."
"631","AUSTRIA;BELGICA;BELGICA"
"632","DINAMARCA;MEXICO;MEXICO;PAISES BAJOS;SUIZA;SUIZA;SUIZA;SUIZA;SUIZA;SUIZA;EE.UU.;EE.UU.;EE.UU.;EE.UU.;EE.UU.;EE.UU.;EE.UU."
"633","AUSTRALIA;AUSTRALIA;DINAMARCA;DINAMARCA;FRANCIA;FRANCIA;NORUEGA;NORUEGA;NORUEGA;NORUEGA;EE.UU."
"634","CHINA;CHINA;CHINA;CHINA;CHINA;CHINA;CHINA;CHINA;CHINA;MONGOLIA"
"635","ARGENTINA;ARGENTINA;ARGENTINA;ARGENTINA;ARGENTINA;ARGENTINA;ARGENTINA;ARGENTINA;FRANCIA"
"636",NA
"637","AUSTRALIA;AUSTRALIA;AUSTRIA;AUSTRIA;AUSTRIA;ALEMANIA;ALEMANIA;ALEMANIA;ALEMANIA;ALEMANIA;ALEMANIA;ALEMANIA;ALEMANIA;ALEMANIA;IRLANDA;IRLANDA;IRLANDA;ITALIA;ITALIA;ITALIA;ITALIA;ITALIA;ITALIA;ITALIA;ITALIA;ITALIA;ITALIA;KOREA;KOREA;LUXEMBURGO;SINGAPUR;SINGAPUR;SUECIA;SUIZA;EE.UU.;EE.UU.;EE.UU.;EE.UU.;EE.UU.;EE.UU.;EE.UU.;EE.UU."
"638","ARMENIA;CANADA;REPUBLICA CHECA;DINAMARCA;DINAMARCA;DINAMARCA;DINAMARCA;DINAMARCA;DINAMARCA;DINAMARCA;DINAMARCA;ALEMANIA;ALEMANIA;KIRGUISTAN;PAISES BAJOS;POLONIA;POLONIA;RUSIA;RUSIA;SUECIA;SUECIA;SUECIA;REINO UNIDO;REINO UNIDO;REINO UNIDO;REINO UNIDO;REINO UNIDO;REINO UNIDO"
"639","AUSTRALIA;AUSTRALIA;AUSTRALIA;AUSTRIA;AUSTRIA;AUSTRIA;CROACIA;REPUBLICA CHECA;REPUBLICA CHECA;REPUBLICA CHECA;FRANCIA;FRANCIA;FRANCIA;FRANCIA;IRLANDA;IRLANDA;IRLANDA;IRLANDA;IRLANDA;IRLANDA;IRLANDA;IRLANDA;ITALIA;JAPON;MYANMAR;MYANMAR;NUEVA ZELANDA;PORTUGAL;TAILANDIA;TAILANDIA;TAILANDIA;EE.UU.;EE.UU.;EE.UU.;EE.UU.;EE.UU.;EE.UU.;EE.UU.;EE.UU.;EE.UU.;EE.UU.;EE.UU.;EE.UU.;EE.UU.;EE.UU.;EE.UU.;EE.UU.;EE.UU.;EE.UU.;EE.UU.;EE.UU.;EE.UU.;EE.UU.;EE.UU.;VIETNAM;VIETNAM"
"640","ARGENTINA;ARGENTINA;ARGENTINA;ARGENTINA;ARGENTINA;ARGENTINA"
"641","MEXICO;MARRUECOS;MARRUECOS;ESPANA;ESPANA;ESPANA;ESPANA;ESPANA;REINO UNIDO"
"642","AUSTRALIA;DINAMARCA;DINAMARCA;DINAMARCA;DINAMARCA;DINAMARCA;DINAMARCA;DINAMARCA;DINAMARCA;DINAMARCA;DINAMARCA;DINAMARCA;REINO UNIDO;REINO UNIDO"
"643","DINAMARCA;ALEMANIA;ALEMANIA;ALEMANIA;REINO UNIDO;REINO UNIDO;REINO UNIDO;REINO UNIDO;REINO UNIDO"
"644","ESPANA;ESPANA;ESPANA;ESPANA;ESPANA;ESPANA;ESPANA;ESPANA;ESPANA"
"645","NORUEGA;NORUEGA;NORUEGA"
"646","DINAMARCA;DINAMARCA;FRANCIA;FRANCIA;FRANCIA;FRANCIA;FRANCIA;FRANCIA;FRANCIA;FRANCIA;FRANCIA;FRANCIA;FRANCIA;FRANCIA;FRANCIA;FRANCIA;FRANCIA"
"647","REPUBLICA CHECA;REPUBLICA CHECA;DINAMARCA;DINAMARCA;FRANCIA;FRANCIA;FRANCIA;ALEMANIA;ALEMANIA;ALEMANIA;ALEMANIA;ALEMANIA;ALEMANIA;ALEMANIA;ALEMANIA;ALEMANIA;ALEMANIA;ALEMANIA;ALEMANIA;ALEMANIA;ALEMANIA;HUNGRIA;HUNGRIA;HUNGRIA;INDIA;ITALIA;ITALIA;ITALIA;SUIZA;SUIZA;SUIZA;SUIZA;SUIZA;REINO UNIDO;REINO UNIDO;REINO UNIDO;REINO UNIDO;REINO UNIDO;REINO UNIDO"
"648","AUSTRIA;AUSTRIA;ALEMANIA;ALEMANIA;ALEMANIA;ALEMANIA;ALEMANIA;ALEMANIA;ALEMANIA;ALEMANIA;ALEMANIA;ALEMANIA;ALEMANIA;ALEMANIA;ALEMANIA;ALEMANIA;ALEMANIA;ALEMANIA;ALEMANIA;ALEMANIA;ALEMANIA;ALEMANIA;ALEMANIA;ALEMANIA;ALEMANIA;ALEMANIA;ALEMANIA;SUIZA;SUIZA;SUIZA;SUIZA;EE.UU.;EE.UU.;EE.UU."
"649",NA
"650","ALEMANIA;ALEMANIA;ALEMANIA;ALEMANIA;ALEMANIA;ALEMANIA;ESPANA;REINO UNIDO"
"651","CANADA;CANADA;CANADA;CANADA;EE.UU.;EE.UU.;EE.UU.;EE.UU.;EE.UU."
"652","DINAMARCA;DINAMARCA;DINAMARCA;ALEMANIA;ALEMANIA;ALEMANIA;ALEMANIA;ALEMANIA;ALEMANIA;ALEMANIA;ALEMANIA;ALEMANIA;ALEMANIA;ALEMANIA;ALEMANIA;ALEMANIA;ALEMANIA;ALEMANIA;ALEMANIA;ALEMANIA;ALEMANIA;ALEMANIA;ALEMANIA;ALEMANIA;ALEMANIA"
"653","ALEMANIA;ITALIA;ITALIA;ITALIA;ITALIA;ITALIA;ITALIA;ITALIA;ESPANA;ESPANA"
"654","TURQUIA;TURQUIA;TURQUIA;TURQUIA;TURQUIA;TURQUIA;TURQUIA;TURQUIA;TURQUIA;TURQUIA"
"655","DINAMARCA;DINAMARCA;DINAMARCA;DINAMARCA;DINAMARCA;DINAMARCA;DINAMARCA;DINAMARCA;DINAMARCA;DINAMARCA;DINAMARCA;DINAMARCA;DINAMARCA;DINAMARCA;PAISES BAJOS;REINO UNIDO;REINO UNIDO"
"656","SUECIA;SUECIA;SUECIA;SUECIA"
"657","AUSTRALIA;AUSTRALIA;FRANCIA;IRLANDA;IRLANDA;NUEVA ZELANDA;EE.UU.;EE.UU.;EE.UU.;EE.UU.;EE.UU.;EE.UU.;EE.UU.;EE.UU.;EE.UU.;EE.UU.;EE.UU.;EE.UU.;VANUATU;VANUATU;VANUATU"
"658","NUEVA ZELANDA"
"659","AUSTRALIA;AUSTRIA;AUSTRIA;AUSTRIA;AUSTRIA;AUSTRIA;BULGARIA;BULGARIA;BULGARIA;BULGARIA;BULGARIA;BULGARIA;BULGARIA;BULGARIA;BULGARIA;BULGARIA;BULGARIA;BULGARIA;BULGARIA;BULGARIA;BULGARIA;BULGARIA;BULGARIA;CANADA;CANADA;CROACIA;CROACIA;CROACIA;CROACIA;CROACIA;CROACIA;CROACIA;CROACIA;CROACIA;CROACIA;FRANCIA;FRANCIA;FRANCIA;FRANCIA;FRANCIA;FRANCIA;ALEMANIA;ALEMANIA;ALEMANIA;ALEMANIA;ALEMANIA;ALEMANIA;ALEMANIA;ALEMANIA;ALEMANIA;ALEMANIA;ALEMANIA;ALEMANIA;ALEMANIA;ALEMANIA;ALEMANIA;ALEMANIA;ALEMANIA;ALEMANIA;ALEMANIA;ALEMANIA;ALEMANIA;ALEMANIA;ALEMANIA;ALEMANIA;ALEMANIA;ALEMANIA;ALEMANIA;ALEMANIA;ALEMANIA;GRECIA;HUNGRIA;HUNGRIA;HUNGRIA;HUNGRIA;IRLANDA;IRLANDA;IRLANDA;IRLANDA;IRLANDA;IRLANDA;IRLANDA;IRLANDA;IRLANDA;IRLANDA;ITALIA;ITALIA;ITALIA;ITALIA;ITALIA;ITALIA;ITALIA;ITALIA;ITALIA;ITALIA;LETONIA;MACEDONIA;POLONIA;PORTUGAL;RUMANIA;RUMANIA;RUMANIA;RUMANIA;RUMANIA;RUMANIA;RUMANIA;RUSIA;RUSIA;RUSIA;RUSIA;SERBIA;SERBIA;SUIZA;UCRANIA;UCRANIA;EE.UU.;EE.UU.;EE.UU.;EE.UU.;EE.UU.;EE.UU.;EE.UU.;EE.UU.;EE.UU.;EE.UU.;EE.UU.;EE.UU.;EE.UU.;EE.UU.;EE.UU.;EE.UU.;EE.UU.;EE.UU.;EE.UU.;EE.UU.;EE.UU.;EE.UU.;EE.UU.;EE.UU.;EE.UU.;EE.UU.;EE.UU.;EE.UU.;EE.UU."
"660","ALEMANIA;ALEMANIA;ALEMANIA"
"661","DINAMARCA;DINAMARCA;DINAMARCA;DINAMARCA;DINAMARCA;DINAMARCA;DINAMARCA;DINAMARCA;IRLANDA;IRLANDA;IRLANDA;MEXICO;PAISES BAJOS;PAISES BAJOS;PAISES BAJOS;PAISES BAJOS;PAISES BAJOS;ESPANA;ESPANA;ESPANA;ESPANA;REINO UNIDO;REINO UNIDO;REINO UNIDO;REINO UNIDO;REINO UNIDO"
"662","CHINA;CHINA"
"663",NA
"664","BRASIL;PORTUGAL;PORTUGAL;PORTUGAL;PORTUGAL;PORTUGAL;PORTUGAL;PORTUGAL;PORTUGAL;PORTUGAL;PORTUGAL;PORTUGAL;PORTUGAL;PORTUGAL;PORTUGAL;PORTUGAL;PORTUGAL;REINO UNIDO"
"665","CHINA;ALEMANIA;ALEMANIA;ALEMANIA;ALEMANIA;ALEMANIA;ALEMANIA;ALEMANIA;ALEMANIA;ALEMANIA;ALEMANIA;ALEMANIA"
"666","BELGICA;BELGICA;NORUEGA"
"667","KOREA;KOREA;KOREA;KOREA;KOREA;KOREA;KOREA;KOREA;KOREA"
"668","ITALIA;ITALIA;ITALIA;ITALIA;ITALIA;ITALIA;ITALIA;ITALIA;ITALIA;ITALIA;ITALIA;ITALIA;ITALIA;ITALIA;ITALIA;ITALIA;ESPANA"
"669","ITALIA;ITALIA;LIBANO;LIBANO;LIBANO;LIBANO;LIBANO;LIBANO;NUEVA ZELANDA;NUEVA ZELANDA;NUEVA ZELANDA;NUEVA ZELANDA;NUEVA ZELANDA"
"670","EE.UU.;EE.UU.;EE.UU.;EE.UU.;EE.UU.;EE.UU.;EE.UU.;EE.UU.;EE.UU.;EE.UU.;EE.UU.;EE.UU.;EE.UU.;EE.UU.;EE.UU.;EE.UU.;EE.UU."
"671",NA
"672","JAPON;JAPON;JAPON;JAPON;JAPON"
"673","FRANCIA;FRANCIA;FRANCIA;TUNEZ;TUNEZ;TUNEZ;TUNEZ;TUNEZ;TUNEZ;TUNEZ;TUNEZ;TUNEZ;TUNEZ"
"674","CANADA;CANADA;CANADA;CANADA;CANADA;ALEMANIA;EE.UU.;EE.UU."
"675","SUIZA;SUIZA;SUIZA;SUIZA"
"676","CHINA;CHINA;CHINA;CHINA;CHINA;CHINA;CHINA;CHINA;CHINA"
"677","AUSTRALIA;CROACIA;CROACIA;ESTONIA;ESTONIA;ALEMANIA;ALEMANIA;ALEMANIA;ALEMANIA;ALEMANIA;ALEMANIA;ALEMANIA;ALEMANIA;ALEMANIA;ALEMANIA;ALEMANIA;ALEMANIA;ALEMANIA;HUNGRIA;LITUANIA;LITUANIA;RUSIA;EE.UU."
"678","SUECIA;REINO UNIDO;REINO UNIDO;REINO UNIDO;REINO UNIDO;REINO UNIDO"
"679","CHINA;CHINA;CHINA;CHINA;CHINA;CHINA"
"680","POLONIA;POLONIA;POLONIA;POLONIA;POLONIA;POLONIA;POLONIA"
"681","KOREA;KOREA;KOREA;KOREA;KOREA"
"682","REPUBLICA CHECA;REPUBLICA CHECA;REPUBLICA CHECA;RUSIA;TURQUIA;TURQUIA;TURQUIA;TURQUIA;TURQUIA;TURQUIA"
"683","ALEMANIA;ITALIA;ITALIA;ITALIA;ITALIA;ITALIA;ITALIA;ITALIA;ITALIA;POLONIA;ESPANA;EE.UU.;EE.UU."
"684","AUSTRALIA;AUSTRALIA;AUSTRALIA;AUSTRALIA;AUSTRIA;ALEMANIA;ALEMANIA;ALEMANIA;ALEMANIA;ALEMANIA;ALEMANIA;ALEMANIA;ALEMANIA;ALEMANIA;HUNGRIA;HUNGRIA;HUNGRIA;HUNGRIA;HUNGRIA;HUNGRIA;HUNGRIA;HUNGRIA;HUNGRIA;HUNGRIA;HUNGRIA;HUNGRIA;HUNGRIA;HUNGRIA;HUNGRIA;HUNGRIA;HUNGRIA;HUNGRIA;HUNGRIA;HUNGRIA;HUNGRIA;HUNGRIA;HUNGRIA;HUNGRIA;HUNGRIA;HUNGRIA;HUNGRIA;HUNGRIA;HUNGRIA;HUNGRIA;HUNGRIA;HUNGRIA;HUNGRIA;HUNGRIA;HUNGRIA;HUNGRIA;ESPANA;ESPANA;ESPANA;ESPANA;ESPANA;SUIZA;SUIZA;EE.UU.;EE.UU.;EE.UU.;EE.UU.;EE.UU.;EE.UU.;EE.UU.;EE.UU.;EE.UU.;EE.UU.;EE.UU.;EE.UU.;EE.UU.;EE.UU.;EE.UU.;EE.UU.;EE.UU.;EE.UU.;EE.UU.;EE.UU."
"685","AUSTRIA;AUSTRIA;BRASIL;BRASIL;ALEMANIA;ALEMANIA;ALEMANIA;ALEMANIA;ALEMANIA;ALEMANIA;ALEMANIA;ALEMANIA;ALEMANIA;ALEMANIA;HUNGRIA;PORTUGAL;PORTUGAL;PORTUGAL;PORTUGAL;PORTUGAL;PORTUGAL;PORTUGAL;PORTUGAL;PORTUGAL;ESPANA;ESPANA;ESPANA;ESPANA;ESPANA;ESPANA;ESPANA;ESPANA;ESPANA;ESPANA;ESPANA;ESPANA;ESPANA;ESPANA;ESPANA;ESPANA;ESPANA;ESPANA;ESPANA;ESPANA;ESPANA;ESPANA;ESPANA;ESPANA;ESPANA;ESPANA;ESPANA;ESPANA;ESPANA;ESPANA;ESPANA;ESPANA;ESPANA;ESPANA;ESPANA;ESPANA;ESPANA;ESPANA;ESPANA;ESPANA;ESPANA;ESPANA;ESPANA;ESPANA;ESPANA;ESPANA;ESPANA;SUIZA;SUIZA;SUIZA"
"686","REINO UNIDO;REINO UNIDO;REINO UNIDO;REINO UNIDO;REINO UNIDO;REINO UNIDO;REINO UNIDO;REINO UNIDO"
"687","AUSTRALIA;CANADA;ESPANA;ESPANA;SUECIA;SUECIA;SUECIA;SUECIA;SUECIA"
"688",NA
"689","EE.UU.;EE.UU.;EE.UU.;EE.UU."
"690","EE.UU."
"691","PAISES BAJOS;EE.UU.;EE.UU.;EE.UU."
"692","CHINA;CHINA;CHINA;CHINA;ALEMANIA;ALEMANIA;ALEMANIA;ALEMANIA;ALEMANIA;ALEMANIA;EE.UU."
"693","CANADA;CANADA;CANADA;CANADA;CANADA;CANADA;CANADA;CANADA;CANADA;DINAMARCA;EE.UU.;EE.UU.;EE.UU.;EE.UU."
"694","PAISES BAJOS;PAISES BAJOS"
"695","POLONIA;POLONIA;POLONIA;POLONIA;POLONIA;POLONIA;POLONIA;POLONIA;POLONIA"
"696","ISRAEL;ISRAEL;ISRAEL"
"697","SUIZA;SUIZA;SUIZA;SUIZA"
"698",NA
"699","AUSTRALIA;AUSTRIA;ALEMANIA;ALEMANIA;ALEMANIA;ALEMANIA;ALEMANIA;ALEMANIA;ALEMANIA;ALEMANIA;IRLANDA;KENIA;MALAUI;MALAUI;MALAUI;SUDAFRICA;SUDAFRICA;SUDAFRICA;SUDAFRICA;SUDAFRICA;SUDAFRICA;TANZANIA;TANZANIA;EE.UU.;EE.UU.;EE.UU.;EE.UU.;EE.UU.;EE.UU.;EE.UU.;EE.UU.;EE.UU.;EE.UU.;EE.UU.;EE.UU.;EE.UU.;EE.UU.;EE.UU."
"700","ESTONIA;FINLANDIA;FINLANDIA;FINLANDIA;ALEMANIA;HUNGRIA;EE.UU."
"701","ALEMANIA;ALEMANIA;ALEMANIA;ALEMANIA;ALEMANIA;ALEMANIA;ALEMANIA;ALEMANIA;ALEMANIA;ALEMANIA"
"702","CANADA;ALEMANIA;ALEMANIA;ALEMANIA;SUIZA"
"703",NA
"704","ISRAEL;ISRAEL;ITALIA;ITALIA;ITALIA"
"705","CHINA;CHINA;CHINA;CHINA;CHINA;CHINA;CHINA"
"706","ALEMANIA;ALEMANIA;ITALIA;ITALIA;SUIZA;SUIZA;SUIZA;SUIZA;SUIZA;SUIZA"
"707","DINAMARCA;FRANCIA;ALEMANIA;ALEMANIA"
"708","ALEMANIA;ALEMANIA;ALEMANIA"
"709","FRANCIA;ALEMANIA;NORUEGA;EE.UU.;EE.UU.;EE.UU."
"710","SUDAFRICA;SUDAFRICA"
"711","HUNGRIA;HUNGRIA;HUNGRIA;HUNGRIA;HUNGRIA"
"712","NUEVA ZELANDA;NUEVA ZELANDA;NUEVA ZELANDA;NUEVA ZELANDA;NUEVA ZELANDA;NUEVA ZELANDA"
"713","DINAMARCA;DINAMARCA;DINAMARCA;ESTONIA;ESTONIA;ESTONIA;ESTONIA;ESTONIA;ESTONIA;ESTONIA;ESTONIA;ESTONIA"
"714","ARMENIA;ARMENIA;ARMENIA;ARMENIA;ARMENIA;ARMENIA;ARMENIA;ARMENIA;ARMENIA;ARMENIA;ARMENIA;ARMENIA;DINAMARCA;DINAMARCA;RUSIA;RUSIA;RUSIA"
"715","FRANCIA;FRANCIA;FRANCIA;FRANCIA;FRANCIA;FRANCIA;FRANCIA;FRANCIA;FRANCIA;FRANCIA;FRANCIA"
"716","ESTONIA;FRANCIA;ALEMANIA;ALEMANIA;ALEMANIA;ALEMANIA;ALEMANIA;ALEMANIA;ALEMANIA;ALEMANIA;ALEMANIA;ALEMANIA;ALEMANIA;ALEMANIA;ITALIA;EE.UU."
"717","CANADA;CANADA;EE.UU.;EE.UU.;EE.UU.;EE.UU.;EE.UU.;EE.UU.;EE.UU.;EE.UU.;EE.UU.;EE.UU."
"718","POLONIA;POLONIA;POLONIA;POLONIA;POLONIA;POLONIA;POLONIA;POLONIA;POLONIA;POLONIA;POLONIA;POLONIA"
"719",NA
"720","DINAMARCA;DINAMARCA;EE.UU."
"721","AUSTRIA;ALEMANIA;ALEMANIA;RUMANIA;RUMANIA;RUMANIA;ESPANA;ESPANA;ESPANA;ESPANA;ESPANA;ESPANA"
"722","ESTONIA;ESTONIA;ESTONIA;ESTONIA;ESTONIA;ESTONIA;ESTONIA;ESTONIA;ESTONIA;ESTONIA;ESTONIA;ESTONIA;ESTONIA;ESTONIA;ESTONIA;ESTONIA;INDIA;INDIA;INDIA;INDIA;INDIA;INDIA;INDIA;INDIA;INDIA;INDIA;NUEVA ZELANDA;PAKISTAN;PAKISTAN;PAKISTAN"
"723",NA
"724","ALEMANIA;ALEMANIA;ALEMANIA;ALEMANIA;ALEMANIA;ALEMANIA;ALEMANIA;ALEMANIA;ALEMANIA"
"725","AUSTRIA;CROACIA;HUNGRIA;HUNGRIA;HUNGRIA;HUNGRIA;HUNGRIA;HUNGRIA;HUNGRIA;HUNGRIA;HUNGRIA;HUNGRIA;HUNGRIA;HUNGRIA;HUNGRIA;IRLANDA;IRLANDA;IRLANDA;IRLANDA;IRLANDA;PORTUGAL;EE.UU.;EE.UU."
"726","ALEMANIA;ALEMANIA;ALEMANIA;ALEMANIA;ALEMANIA;REINO UNIDO;REINO UNIDO;REINO UNIDO;EE.UU."
"727",NA
"728","RUSIA;RUSIA"
"729","AUSTRIA;EE.UU."
"730","ESTONIA"
"731","AUSTRALIA;AUSTRALIA;AUSTRALIA;AUSTRALIA;AUSTRALIA;AUSTRALIA;AUSTRALIA;AUSTRALIA;AUSTRALIA;AUSTRALIA;AUSTRALIA;AUSTRALIA;AUSTRALIA;AUSTRIA;BELGICA;CANADA;ALEMANIA;ALEMANIA;ALEMANIA;ALEMANIA;ALEMANIA;ALEMANIA;ALEMANIA;ALEMANIA;ALEMANIA;ITALIA;ITALIA;POLONIA;SUDAFRICA;ESPANA;ESPANA;ESPANA;ESPANA;ESPANA;SUIZA"
"732","HUNGRIA;HUNGRIA;HUNGRIA;HUNGRIA;HUNGRIA;HUNGRIA;HUNGRIA;HUNGRIA;HUNGRIA;HUNGRIA;HUNGRIA;HUNGRIA;HUNGRIA"
"733","AUSTRALIA;DINAMARCA;DINAMARCA;DINAMARCA;ITALIA;ITALIA;REINO UNIDO;REINO UNIDO"
"734","EE.UU.;EE.UU.;EE.UU.;EE.UU.;EE.UU.;EE.UU."
"735","SUIZA;SUIZA;SUIZA;SUIZA;SUIZA;EE.UU."
"736","EE.UU.;EE.UU."
"737",NA
"738","REPUBLICA CHECA;ITALIA;MARRUECOS;PORTUGAL;PORTUGAL;PORTUGAL;PORTUGAL;PORTUGAL;PORTUGAL;PORTUGAL;PORTUGAL;PORTUGAL;PORTUGAL;PORTUGAL;RUMANIA;RUSIA;TUNEZ;TUNEZ;EMIRATOS ARABES UNIDOS"
"739","REPUBLICA CHECA;POLONIA;POLONIA;POLONIA;POLONIA;POLONIA;POLONIA;SUECIA;SUECIA"
"740","REPUBLICA CHECA;MOLDAVIA;POLONIA;POLONIA;POLONIA;POLONIA;POLONIA;POLONIA;POLONIA;SUECIA;SUECIA;UCRANIA"
"741",NA
"742",NA
"743","SERBIA;SERBIA;ESLOVENIA;ESLOVENIA;ESLOVENIA;ESLOVENIA;ESLOVENIA"
"744","IRLANDA;IRLANDA;LETONIA;RUSIA"
"745","DINAMARCA;DINAMARCA;DINAMARCA;DINAMARCA;FRANCIA;FRANCIA"
"746","AUSTRALIA;DINAMARCA;FRANCIA"
"747","FRANCIA;FRANCIA;FRANCIA;FRANCIA;FRANCIA;FRANCIA"
"748","HUNGRIA;HUNGRIA;HUNGRIA;HUNGRIA;HUNGRIA;HUNGRIA;HUNGRIA;HUNGRIA;HUNGRIA;HUNGRIA;HUNGRIA;HUNGRIA;ITALIA;ITALIA"
"749","ITALIA"
"750","PAISES BAJOS;PAISES BAJOS"
"751","POLONIA;POLONIA;POLONIA;POLONIA;POLONIA;POLONIA;POLONIA;POLONIA"
"752","DINAMARCA;DINAMARCA;DINAMARCA;DINAMARCA;DINAMARCA;DINAMARCA;DINAMARCA;REINO UNIDO;REINO UNIDO"
"753","AUSTRALIA;CANADA;CANADA;CANADA;CANADA;CANADA;CANADA;CANADA;CANADA;CANADA;CANADA;CANADA;ALEMANIA;ITALIA;JAPON;JAPON;EE.UU.;EE.UU.;EE.UU.;EE.UU.;EE.UU.;EE.UU.;EE.UU.;EE.UU.;EE.UU.;EE.UU.;EE.UU.;EE.UU.;EE.UU.;EE.UU."
"754","ITALIA;EE.UU.;EE.UU.;EE.UU."
"755","EE.UU.;EE.UU.;EE.UU."
"756","POLONIA;POLONIA;POLONIA;POLONIA;POLONIA"
"757","ALEMANIA;ALEMANIA;SUIZA;SUIZA;SUIZA;SUIZA;SUIZA;SUIZA"
"758","POLONIA;POLONIA;POLONIA;POLONIA;POLONIA;POLONIA;POLONIA;POLONIA;POLONIA;SUECIA;SUECIA"
"759",NA
"760","AUSTRALIA;AUSTRALIA;AUSTRALIA;CANADA;CANADA;CANADA;CANADA;CANADA;CANADA;FINLANDIA;FINLANDIA;FINLANDIA;FRANCIA;LITUANIA;LITUANIA;EE.UU.;EE.UU.;EE.UU.;EE.UU.;EE.UU."
"761","AUSTRALIA;CANADA;CANADA;CANADA;CANADA;CANADA;CANADA;CANADA;ITALIA"
"762","EE.UU.;EE.UU."
"763","DINAMARCA;DINAMARCA;DINAMARCA;DINAMARCA;DINAMARCA;DINAMARCA;DINAMARCA;DINAMARCA;DINAMARCA;FRANCIA;FRANCIA;REINO UNIDO;REINO UNIDO"
"764","EE.UU.;EE.UU.;EE.UU.;EE.UU."
"765","EE.UU."
"766","SUECIA;EE.UU."
"767","INDIA;EE.UU."
"768","AUSTRALIA;DINAMARCA;DINAMARCA;DINAMARCA;DINAMARCA;DINAMARCA;DINAMARCA;DINAMARCA;DINAMARCA;DINAMARCA;DINAMARCA;DINAMARCA;DINAMARCA;DINAMARCA;EE.UU."
"769","FRANCIA;FRANCIA;FRANCIA"
"770","AUSTRIA;AUSTRIA;EE.UU."
"771","ALEMANIA;ALEMANIA;ALEMANIA;ALEMANIA;ALEMANIA;ALEMANIA;ALEMANIA;ALEMANIA;ALEMANIA;ALEMANIA;ALEMANIA;ALEMANIA;ALEMANIA;ALEMANIA;ALEMANIA;ALEMANIA;ALEMANIA;ALEMANIA;ALEMANIA;ALEMANIA"
"772","FRANCIA;FRANCIA;FRANCIA;FRANCIA;FRANCIA;FRANCIA;FRANCIA;FRANCIA;RUSIA;RUSIA;RUSIA"
"773","CANADA;COSTA DE MARFIL;ALEMANIA;ALEMANIA;ALEMANIA;ALEMANIA;ALEMANIA;ALEMANIA;ALEMANIA"
"774","FRANCIA;FRANCIA;FRANCIA;FRANCIA;FRANCIA;FRANCIA;FRANCIA;FRANCIA;FRANCIA;FRANCIA;FRANCIA;FRANCIA;FRANCIA"
"775","AUSTRALIA;AUSTRALIA;AUSTRALIA;AUSTRALIA;CHINA;CROACIA;ESTONIA;FRANCIA;FRANCIA;ALEMANIA;ALEMANIA;ALEMANIA;ALEMANIA;GUINEA;INDONESIA;IRLANDA;IRLANDA;IRLANDA;IRLANDA;NUEVA ZELANDA;NUEVA ZELANDA;PAPUA NUEVA GUINEA;PORTUGAL;SINGAPUR;SUECIA;EE.UU.;EE.UU.;EE.UU.;EE.UU.;EE.UU.;EE.UU.;EE.UU.;EE.UU.;EE.UU.;EE.UU.;EE.UU.;EE.UU.;EE.UU.;EE.UU.;EE.UU.;EE.UU.;EE.UU.;EE.UU.;EE.UU.;EE.UU.;VANUATU;VANUATU"
"776","FRANCIA;FRANCIA;FRANCIA;FRANCIA;ISRAEL;ISRAEL;ISRAEL;SENEGAL;SENEGAL;SENEGAL"
"777","AUSTRALIA;SUECIA;SUECIA;SUECIA;SUECIA;SUECIA;SUECIA;SUECIA;SUECIA;TURQUIA;TURQUIA;TURQUIA;TURQUIA;TURQUIA;TURQUIA;TURQUIA;TURQUIA;TURQUIA;TURQUIA;TURQUIA;TURQUIA;TURQUIA;TURQUIA;TURQUIA;TURQUIA"
"778","EE.UU.;EE.UU.;EE.UU.;EE.UU.;EE.UU.;EE.UU."
"779","REPUBLICA CHECA;REPUBLICA CHECA;ALEMANIA;ALEMANIA;ALEMANIA;ALEMANIA;ALEMANIA"
"780","POLONIA;POLONIA"
"781","COLOMBIA"
"782","FRANCIA;FRANCIA;FRANCIA;ALEMANIA;ITALIA;ITALIA;REINO UNIDO;REINO UNIDO"
"783","BRASIL;BRASIL;BRASIL;BRASIL;BRASIL;BRASIL"
"784","SUIZA;SUIZA"
"785",NA
"786",NA
"787","REINO UNIDO"
"788",NA
"789","EE.UU."
"790","INDIA;JAPON;RUSIA;RUSIA;RUSIA;RUSIA;EE.UU.;EE.UU.;EE.UU.;EE.UU.;EE.UU."
"791",NA
"792","MALASIA;MALASIA;MALASIA;NUEVA ZELANDA"
"793","DINAMARCA;ALEMANIA;ALEMANIA;ALEMANIA;ALEMANIA;ALEMANIA;ALEMANIA;ITALIA;ITALIA;ITALIA;ITALIA;ESPANA;ESPANA;REINO UNIDO"
"794",NA
"795","ARGENTINA;ARGENTINA;ARGENTINA;ARGENTINA;ARGENTINA;ARGENTINA;FRANCIA"
"796",NA
"797",NA
"798","FRANCIA;FRANCIA;ALEMANIA;ALEMANIA;ALEMANIA;ALEMANIA;ALEMANIA;ALEMANIA;ALEMANIA;ALEMANIA;ESPANA"
"799","AUSTRALIA"
"800",NA
"801","PORTUGAL;PORTUGAL;PORTUGAL;PORTUGAL"
"802","SUIZA"
"803","EE.UU.;EE.UU.;EE.UU.;EE.UU.;EE.UU.;EE.UU."
"804","FRANCIA;LIBANO;LIBANO;LIBANO;NUEVA ZELANDA;NUEVA ZELANDA;NUEVA ZELANDA;NUEVA ZELANDA;NUEVA ZELANDA;TUNEZ;TUNEZ"
"805",NA
"806","POLONIA"
"807",NA
"808","FRANCIA;FRANCIA;FRANCIA;FRANCIA;FRANCIA;FRANCIA"
"809","ALEMANIA"
"810","MEXICO;MEXICO;MEXICO;MEXICO;MEXICO;MEXICO;MEXICO;MEXICO;MEXICO;MEXICO"
"811","ARGENTINA;ARGENTINA;ARGENTINA;AUSTRALIA;AUSTRALIA;AUSTRALIA;AUSTRALIA;AUSTRALIA;AUSTRALIA;AUSTRALIA;AUSTRALIA;AUSTRALIA;AUSTRALIA;BOLIVIA;CHILE;CHILE;CHILE;MEXICO;MEXICO;PERU;PERU;PERU;PERU;PERU;PERU;EE.UU.;EE.UU.;EE.UU.;EE.UU.;EE.UU.;EE.UU.;EE.UU.;EE.UU.;EE.UU.;EE.UU.;EE.UU.;EE.UU.;EE.UU.;EE.UU.;EE.UU.;EE.UU."
"812","ITALIA;ITALIA;ITALIA;ITALIA;ITALIA;ITALIA;ITALIA;ITALIA;ITALIA;ITALIA;ITALIA;ITALIA;ITALIA;ITALIA;ITALIA"
"813","BRASIL;BRASIL;BRASIL;BRASIL;BRASIL;BRASIL;BRASIL;BRASIL"
"814","EE.UU.;EE.UU."
"815","ALEMANIA;EE.UU.;EE.UU."
"816","EE.UU."
"817","REINO UNIDO"
"818","KOREA;KOREA;KOREA;KOREA;KOREA;KOREA;KOREA"
"819","ITALIA;ITALIA;ITALIA"
"820","ECUADOR;ESPANA;ESPANA;ESPANA;ESPANA;ESPANA;ESPANA;REINO UNIDO"
"821","ITALIA;ITALIA;SUIZA;SUIZA;SUIZA;SUIZA"
"822","ALEMANIA;SUECIA;SUECIA;SUECIA;SUECIA;SUECIA;SUECIA;SUECIA;SUECIA;EE.UU."
"823","ALEMANIA;ALEMANIA;ALEMANIA;ALEMANIA;ALEMANIA;ALEMANIA;ALEMANIA;ALEMANIA"
"824","IRLANDA;IRLANDA;IRLANDA"
"825","ITALIA"
"826","FINLANDIA;ARABIA SAUDITA;EE.UU.;EE.UU.;EE.UU.;EE.UU.;EE.UU."
"827","SUIZA;SUIZA;SUIZA"
"828","FRANCIA;FRANCIA;FRANCIA;FRANCIA;FRANCIA;FRANCIA;FRANCIA"
"829","DINAMARCA;SUIZA"
"830","AUSTRALIA;AUSTRALIA;AUSTRALIA;AUSTRIA;CROACIA;ALEMANIA;ALEMANIA;ALEMANIA;ALEMANIA;ALEMANIA;IRLANDA;IRLANDA;IRLANDA;IRLANDA;IRLANDA;IRLANDA;IRLANDA;PAISES BAJOS;PAISES BAJOS;RUSIA;RUSIA;RUSIA;RUSIA;RUSIA;RUSIA;ESPANA;ESPANA;ESPANA;ESPANA;ESPANA;ESPANA;ESPANA;ESPANA;ESPANA;ESPANA;ESPANA;SUIZA;TURQUIA;EE.UU.;EE.UU.;EE.UU.;EE.UU.;EE.UU.;EE.UU.;EE.UU.;EE.UU.;EE.UU.;EE.UU.;EE.UU.;EE.UU.;EE.UU.;EE.UU.;EE.UU.;EE.UU.;EE.UU.;EE.UU.;EE.UU.;EE.UU."
"831",NA
"832","CHILE;CHILE;CHILE;CHILE;CHILE;CHILE"
"833","CANADA;DINAMARCA;ALEMANIA;PAISES BAJOS;PAISES BAJOS;PAISES BAJOS;PAISES BAJOS;PAISES BAJOS;PAISES BAJOS;PAISES BAJOS;PAISES BAJOS;SUDAFRICA;ESPANA;EE.UU.;EE.UU.;EE.UU.;EE.UU.;EE.UU.;EE.UU."
"834","ALEMANIA;IRLANDA;IRLANDA;IRLANDA;ITALIA;ITALIA;KOREA;KOREA;ARABIA SAUDITA;EE.UU.;EE.UU.;EE.UU.;EE.UU.;EE.UU."
"835","ARGENTINA;ARGENTINA;ALEMANIA;ESPANA;ESPANA;ESPANA;ESPANA;ESPANA;ESPANA;ESPANA;ESPANA"
"836","REINO UNIDO"
"837","AUSTRIA;ALEMANIA;ALEMANIA;EE.UU."
"838","URUGUAY;URUGUAY;URUGUAY"
"839","ARMENIA;ARMENIA;ARMENIA;DINAMARCA;DINAMARCA;DINAMARCA;DINAMARCA;DINAMARCA;DINAMARCA;DINAMARCA;DINAMARCA;DINAMARCA;DINAMARCA;DINAMARCA;DINAMARCA;ESTONIA;ESTONIA;ESTONIA;ESTONIA;POLONIA;RUSIA;RUSIA;RUSIA;RUSIA;SUECIA;SUECIA;SUECIA;EE.UU."
"840","CANADA;ALEMANIA;ALEMANIA;ALEMANIA"
"841",NA
"842",NA
"843",NA
"844","ITALIA;ITALIA;ITALIA;ITALIA;ITALIA;ITALIA;ITALIA;ITALIA;ITALIA"
"845","ALEMANIA;ALEMANIA;ALEMANIA;ALEMANIA;ALEMANIA;ALEMANIA;ALEMANIA"
"846","MEXICO;MEXICO;MEXICO;ESPANA;ESPANA"
"847",NA
"848","INDIA;ARABIA SAUDITA;ARABIA SAUDITA"
"849","AUSTRALIA;DINAMARCA;DINAMARCA;DINAMARCA;FRANCIA"
"850","AUSTRALIA;HUNGRIA;HUNGRIA;IRLANDA;IRLANDA;IRLANDA;IRLANDA;ISRAEL;JAPON;PAISES BAJOS;RUSIA;RUSIA;SERBIA;TURQUIA;REINO UNIDO;VIETNAM"
"851","PAISES BAJOS"
"852","AUSTRALIA;AUSTRALIA;AUSTRALIA;AUSTRIA;CHINA;ALEMANIA;ALEMANIA;ALEMANIA;ALEMANIA;ALEMANIA;ALEMANIA;ALEMANIA;ALEMANIA;ALEMANIA;ALEMANIA;HUNGRIA;RUSIA;RUSIA;RUSIA;RUSIA;RUSIA;ESPANA;ESPANA;ESPANA;ESPANA;SUECIA;SUECIA;SUIZA;SUIZA;EE.UU.;EE.UU.;EE.UU.;EE.UU.;EE.UU.;EE.UU.;EE.UU.;EE.UU.;EE.UU.;EE.UU."
"853","PAISES BAJOS;PAISES BAJOS;RUMANIA;RUMANIA;RUMANIA;RUMANIA;RUMANIA;ESPANA;ESPANA;ESPANA;ESPANA"
"854",NA
"855","KOREA;KOREA;KOREA;KOREA;KOREA;KOREA;KOREA;KOREA;EE.UU.;EE.UU."
"856","SUIZA;SUIZA;SUIZA"
"857",NA
"858","EE.UU.;EE.UU.;EE.UU.;EE.UU.;EE.UU."
"859","BRASIL;BRASIL;BRASIL;BRASIL"
"860","KOREA;KOREA;KOREA;KOREA;EE.UU."
"861","HUNGRIA;HUNGRIA;ISRAEL"
"862","HUNGRIA;HUNGRIA;HUNGRIA"
"863","CANADA;HUNGRIA;HUNGRIA;ISRAEL;ISRAEL;ISRAEL;ISRAEL"
"864","RUSIA"
"865","FRANCIA;FRANCIA;FRANCIA;FRANCIA;ALEMANIA;ITALIA;ITALIA;SUIZA"
"866","ISRAEL;ISRAEL;ISRAEL;ISRAEL;ISRAEL;ISRAEL;EE.UU."
"867",NA
"868","AUSTRALIA;AUSTRALIA;AUSTRALIA;AUSTRALIA;AUSTRALIA"
"869","ALEMANIA;ALEMANIA;ALEMANIA;ALEMANIA;ALEMANIA;ALEMANIA;ALEMANIA;ALEMANIA;ALEMANIA;ITALIA;ITALIA;ITALIA;ITALIA;ITALIA;ITALIA;ITALIA;ITALIA;EE.UU."
"870","PAISES BAJOS;REINO UNIDO;REINO UNIDO;REINO UNIDO;REINO UNIDO;REINO UNIDO;REINO UNIDO;REINO UNIDO;REINO UNIDO;REINO UNIDO;REINO UNIDO;REINO UNIDO"
"871","CHINA;CHINA;CHINA;CHINA;CHINA;CHINA;CHINA;CHINA;CHINA"
"872","CHINA"
"873","AUSTRALIA;AUSTRIA;CROACIA;CROACIA;ALEMANIA;ALEMANIA;ALEMANIA;ALEMANIA;ALEMANIA;ALEMANIA;HUNGRIA;HUNGRIA;HUNGRIA;HUNGRIA;HUNGRIA;HUNGRIA;HUNGRIA;HUNGRIA;HUNGRIA;HUNGRIA;HUNGRIA;HUNGRIA;HUNGRIA;HUNGRIA;HUNGRIA;HUNGRIA;IRLANDA"
"874","GEORGIA"
"875",NA
"876","KOREA;KOREA;KOREA;KOREA;KOREA;KOREA;KOREA"
"877","ESTONIA"
"878","FRANCIA"
"879","AUSTRIA;REPUBLICA CHECA;REPUBLICA CHECA;FRANCIA;HUNGRIA;HUNGRIA;HUNGRIA;HUNGRIA;IRLANDA;ISRAEL;ITALIA;ITALIA;ITALIA;ITALIA;TURQUIA"
"880","ESPANA"
"881","ITALIA;ITALIA;ITALIA;ITALIA;ITALIA;ITALIA;ITALIA"
"882","ITALIA;ITALIA"
"883","ALEMANIA;ALEMANIA;ALEMANIA;ALEMANIA;ALEMANIA;ALEMANIA;ALEMANIA;REINO UNIDO"
"884",NA
"885",NA
"886","EE.UU.;EE.UU.;EE.UU.;EE.UU.;EE.UU.;EE.UU."
"887","BRASIL;FRANCIA;ITALIA;NORUEGA"
"888","ESPANA"
"889","CANADA;CANADA;CANADA;EE.UU.;EE.UU."
"890","EE.UU.;EE.UU.;EE.UU.;EE.UU."
"891","EE.UU.;EE.UU."
"892","NUEVA ZELANDA"
"893","EE.UU.;EE.UU.;EE.UU.;EE.UU.;EE.UU.;EE.UU.;EE.UU.;EE.UU."
"894","EE.UU.;EE.UU."
"895","DINAMARCA;DINAMARCA;DINAMARCA;DINAMARCA"
"896","AUSTRALIA;AUSTRALIA"
"897","AUSTRALIA;AUSTRIA;ALEMANIA;ALEMANIA;HUNGRIA"
"898","EE.UU.;EE.UU.;EE.UU."
"899","DINAMARCA"
"900","EE.UU.;EE.UU.;EE.UU.;EE.UU."
"901","ALEMANIA;ALEMANIA;SUDAFRICA;EE.UU.;EE.UU.;EE.UU."
"902","FRANCIA;FRANCIA;FRANCIA;FRANCIA;FRANCIA;FRANCIA"
"903","DINAMARCA;DINAMARCA;DINAMARCA;DINAMARCA;DINAMARCA;DINAMARCA;DINAMARCA;DINAMARCA;DINAMARCA;DINAMARCA;DINAMARCA;DINAMARCA;DINAMARCA;DINAMARCA;DINAMARCA;DINAMARCA;DINAMARCA;DINAMARCA;DINAMARCA;DINAMARCA;DINAMARCA;DINAMARCA;DINAMARCA;DINAMARCA;DINAMARCA"
"904","FRANCIA;FRANCIA;FRANCIA;FRANCIA;FRANCIA;FRANCIA;FRANCIA;RUSIA"
"905","NORUEGA;NORUEGA;SUECIA;SUECIA;SUECIA"
"906","CHINA;CHINA;CHINA;CHINA;CHINA;CHINA;CHINA;CHINA;CHINA;CHINA;CHINA;CHINA"
"907",NA
"908","DINAMARCA;DINAMARCA;SUECIA;SUECIA;SUECIA;SUECIA;SUECIA;SUECIA;SUECIA"
"909",NA
"910","CHINA;CHINA;CHINA;CHINA;CHINA;CHINA;CHINA"
"911","BULGARIA;BULGARIA;BULGARIA;BULGARIA;BULGARIA;ITALIA;ITALIA"
"912","ARGENTINA"
"913","AUSTRIA;AUSTRIA;AUSTRIA;AUSTRIA;AUSTRIA;AUSTRIA;AUSTRIA"
"914",NA
"915",NA
"916","ESPANA"
"917","CHINA"
"918","DINAMARCA;DINAMARCA;ESTONIA;ESTONIA;POLONIA;POLONIA;POLONIA;POLONIA;SUECIA"
"919","ARGENTINA;ARGENTINA;ARGENTINA;ARGENTINA;ARGENTINA;ARGENTINA;ARGENTINA;ARGENTINA;ARGENTINA;ARGENTINA"
"920","DINAMARCA"
"921","ALEMANIA;REINO UNIDO;REINO UNIDO;REINO UNIDO;REINO UNIDO;REINO UNIDO;REINO UNIDO"
"922",NA
"923",NA
"924","EE.UU.;EE.UU."
"925",NA
"926","FRANCIA;FRANCIA;FRANCIA;FRANCIA;FRANCIA;ALEMANIA;MONGOLIA;MONGOLIA"
"927","FRANCIA"
"928","SUECIA;SUECIA;SUECIA"
"929","BRASIL;BRASIL"
"930","MEXICO;MEXICO;MEXICO"
"931","BRASIL;BRASIL;BRASIL;BRASIL;BRASIL;BRASIL"
"932",NA
"933","FRANCIA"
"934","POLONIA"
"935","EE.UU."
"936","ESPANA;ESPANA;ESPANA;ESPANA;ESPANA;ESPANA;ESPANA;ESPANA;ESPANA"
"937","FRANCIA;FRANCIA;FRANCIA;FRANCIA;FRANCIA;FRANCIA"
"938",NA
"939","SUECIA;SUECIA;SUECIA"
"940","ALEMANIA"
"941","ISRAEL"
"942",NA
"943",NA
"944","SUECIA"
"945",NA
"946","DINAMARCA"
"947","ALEMANIA"
"948","SUECIA"
"949","CANADA;ISLANDIA;NORUEGA;NORUEGA;NORUEGA;NORUEGA;NORUEGA;NORUEGA;NORUEGA;NORUEGA"
"950","GRECIA;JAPON;JAPON;PAISES BAJOS;PAISES BAJOS;PAISES BAJOS;PAISES BAJOS;PAISES BAJOS;PAISES BAJOS;PAISES BAJOS;PAISES BAJOS;POLONIA;POLONIA"
"951","FRANCIA"
"952","ALEMANIA;ALEMANIA;ALEMANIA;ALEMANIA;ALEMANIA;ALEMANIA"
"953","EE.UU."
"954",NA
"955","SUECIA"
"956","AUSTRALIA;AUSTRALIA;AUSTRALIA;AUSTRALIA;AUSTRALIA;AUSTRALIA;AUSTRALIA;RUSIA;RUSIA;RUSIA"
"957",NA
"958","AUSTRALIA;SUECIA;SUECIA;SUECIA"
"959",NA
"960","EE.UU."
"961","SUIZA;SUIZA;SUIZA;SUIZA;SUIZA"
"962","ESTONIA;INDIA;INDIA;INDIA;INDIA;INDIA;INDIA"
"963","CANADA;CHINA;ALEMANIA;ALEMANIA;ALEMANIA;ALEMANIA;ITALIA"
"964",NA
"965","ALEMANIA;ALEMANIA;ALEMANIA;ALEMANIA;ALEMANIA;GRECIA;SUIZA;SUIZA;SUIZA"
"966","AUSTRALIA;AUSTRALIA;BULGARIA;BULGARIA;BULGARIA;BULGARIA;CANADA;CHINA;CHINA;DINAMARCA;DINAMARCA;DINAMARCA;DINAMARCA;ITALIA;ITALIA;PERU;EE.UU.;EE.UU.;EE.UU.;EE.UU.;EE.UU.;EE.UU.;EE.UU."
"967","ISRAEL"
"968","CHINA"
"969","HUNGRIA"
"970","ALEMANIA"
"971","JAPON"
"972",NA
"973",NA
"974","ALEMANIA"
"975","POLONIA"
"976","ITALIA"
"977","EE.UU."
"978",NA
"979","ALEMANIA"
"980",NA
"981","DINAMARCA"
"982","FRANCIA"
"983","JAPON"
"984","EE.UU."
"985","BELGICA"
"986","EE.UU."
"987","EE.UU."
"988","REINO UNIDO"
"989","SUECIA"
"990",NA
"991",NA
"992","SUIZA"
"993","ITALIA"
"994","FRANCIA"
"995","ALEMANIA"
"996","HUNGRIA"
"997","KOREA"
"998","AUSTRALIA"
"999","ITALIA"
"1000","KOREA"
"1001","EE.UU."
"1002","HUNGRIA"
"1003","REINO UNIDO"
"1004","ITALIA"
"1005","ITALIA"
"1006","IRLANDA"
"1007","EE.UU."
"1008","DINAMARCA"
"1009","ESPANA"
"1010","CHINA"
"1011","ALEMANIA"
"1012","ITALIA"
"1013","DINAMARCA"
"1014","JAPON"
"1015",NA
"1016","BRASIL"
"1017","DINAMARCA"
"1018","KOREA"
"1019","POLONIA"
"1020","IRLANDA"
"1021","IRLANDA"
"1022","ALEMANIA"
"1023","EE.UU."
"1024","ALEMANIA"
"1025","ALEMANIA"
"1026","SUECIA"
"1027","NUEVA ZELANDA"
"1028","EE.UU."
"1029","ALEMANIA"
"1030","ESPANA"
"1031","DINAMARCA"
"1032","ESPANA"
"1033","MEXICO"
"1034","ESPANA"
"1035","ALEMANIA"
"1036","ALEMANIA"
"1037",NA
"1038","EE.UU."
"1039","ESPANA"
"1040","PAISES BAJOS"
"1041","ESPANA"
"1042","COLOMBIA"
"1043","CHINA"
"1044","EE.UU."
"1045","FRANCIA"
"1046","JAPON"
"1047","CANADA"
"1048",NA
"1049","EE.UU."
"1050","REPUBLICA CHECA"
"1051","JAPON"
"1052","DINAMARCA"
"1053","FRANCIA"
"1054","EE.UU."
"1055","FRANCIA"
"1056","EE.UU."
"1057","BELGICA"
"1058","ESLOVAQUIA"
"1059","ESPANA"
"1060",NA
"1061","FRANCIA"
"1062","CHINA"
"1063","ESPANA"
"1064","FRANCIA"
"1065",NA
"1066","AUSTRALIA"
"1067","FRANCIA"
"1068","KOREA"
"1069","TURQUIA"
"1070","ALEMANIA"
"1071","AUSTRALIA"
"1072","JAPON"
"1073","JAPON"
"1074","KOREA"
"1075",NA
"1076","POLONIA"
"1077","ALEMANIA"
"1078","ITALIA"
"1079","ALEMANIA"
"1080","EE.UU."
"1081","CHINA"
"1082","EE.UU."
"1083","CHINA"
"1084","ALEMANIA"
"1085","ITALIA"
"1086","KOREA"
"1087","ARGENTINA"
"1088","EGIPTO"
"1089","CANADA"
"1090","ALEMANIA"
"1091","KOREA"
"1092","ALEMANIA"
"1093","FRANCIA"
"1094","FRANCIA"
"1095","ITALIA"
"1096",NA
"1097","REPUBLICA CHECA"
"1098","ALEMANIA"
"1099","AUSTRALIA"
"1100","AUSTRALIA"
"1101","SUECIA"
"1102","REINO UNIDO"
"1103","ALEMANIA"
"1104","ITALIA"
"1105","FRANCIA"
"1106","ESPANA"
"1107","REINO UNIDO"
"1108","ALEMANIA"
"1109","ITALIA"
"1110","FRANCIA"
"1111","FRANCIA"
"1112","FRANCIA"
"1113","CHINA"
"1114","SUDAFRICA"
"1115","JAPON"
"1116",NA
"1117","ISLANDIA"
"1118","CANADA"
"1119","CHINA"
"1120","FRANCIA"
"1121","ALEMANIA"
"1122","EE.UU."
"1123","FRANCIA"
"1124","ITALIA"
"1125","CHINA"
"1126","EE.UU."
"1127","EE.UU."
"1128","ESPANA"
"1129","NUEVA ZELANDA"
"1130","CANADA"
"1131","ESPANA"
"1132","EE.UU."
"1133","EE.UU."
"1134","DINAMARCA"
"1135","SUECIA"
"1136",NA
"1137","DINAMARCA"
"1138","KOREA"
"1139","CROACIA"
"1140","POLONIA"
"1141",NA
"1142","EE.UU."
"1143","JAPON"
"1144","EE.UU."
"1145","ALEMANIA"
"1146","EE.UU."
"1147","ITALIA"
"1148","ALEMANIA"
"1149","CHINA"
"1150","FRANCIA"
"1151","ALEMANIA"
"1152","CHINA"
"1153","CHINA"
"1154","POLONIA"
"1155","ISLANDIA"
"1156","EE.UU."
"1157","KOREA"
"1158","RUSIA"
"1159","SUECIA"
"1160","CANADA"
"1161","ALEMANIA"
"1162","FRANCIA"
"1163","DINAMARCA"
"1164","ALEMANIA"
"1165","FRANCIA"
"1166","AUSTRALIA"
"1167","JAPON;JAPON;JAPON;JAPON;JAPON;JAPON;JAPON;JAPON;JAPON"
"1168","DINAMARCA"
"1169","REINO UNIDO"
"1170","ESPANA"
"1171","EE.UU."
"1172","BRASIL"
"1173","REINO UNIDO"
"1174","FRANCIA"
"1175","REINO UNIDO"
"1176","ESPANA"
"1177","JAPON"
"1178","EE.UU."
"1179","ESPANA"
"1180","EE.UU."
"1181","CHINA"
"1182","ITALIA"
"1183","ITALIA"
"1184",NA
"1185","POLONIA"
"1186","CANADA"
"1187","EE.UU."
"1188",NA
"1189",NA
"1190","ITALIA"
"1191",NA
"1192","ALEMANIA"
"1193","EE.UU."
"1194","HUNGRIA"
"1195","ALEMANIA"
"1196","SUECIA"
"1197","ISRAEL"
"1198","ESPANA"
"1199","EE.UU."
"1200","FRANCIA"
"1201","DINAMARCA"
"1202","FRANCIA"
"1203",NA
"1204","FRANCIA"
"1205","ALEMANIA"
"1206",NA
"1207","EE.UU."
"1208","ITALIA"
"1209",NA
"1210","ALEMANIA"
"1211","EE.UU."
"1212","ITALIA"
"1213","FRANCIA"
"1214","EE.UU."
"1215",NA
"1216",NA
"1217",NA
"1218","ALEMANIA"
"1219","EE.UU."
"1220",NA
"1221","REINO UNIDO"
"1222",NA
"1223",NA
"1224",NA
"1225","ESPANA"
"1226","ALEMANIA"
"1227","FRANCIA"
"1228","ITALIA"
"1229","DINAMARCA"
"1230","FRANCIA"
"1231","ESPANA"
"1232","ALEMANIA"
"1233","EE.UU."
"1234","EE.UU."
"1235",NA
"1236",NA
"1237","CANADA"
"1238","ESPANA"
"1239","EE.UU."
"1240","ESPANA"
"1241","ITALIA"
"1242","ALEMANIA"
"1243","CHINA"
"1244","ITALIA"
"1245","ALEMANIA"
"1246",NA
"1247",NA
"1248","REINO UNIDO"
"1249","ALEMANIA"
"1250",NA
"1251","ALEMANIA"
"1252","ESPANA"
"1253",NA
"1254","EE.UU."
"1255","EE.UU."
"1256","ALEMANIA"
"1257","ITALIA"
"1258","MEXICO"
"1259","ESPANA"
"1260",NA
"1261","ALEMANIA"
"1262","EE.UU."
"1263","EE.UU."
"1264","ALEMANIA"
"1265","ALEMANIA;ALEMANIA;ALEMANIA;ALEMANIA;ALEMANIA"
"1266","EE.UU."
"1267",NA
"1268","EE.UU."
"1269",NA
"1270",NA
"1271","ALEMANIA"
"1272","EE.UU."
"1273",NA
"1274","HUNGRIA"
"1275",NA
"1276","EE.UU."
"1277",NA
"1278",NA
"1279","ISRAEL"
"1280",NA
"1281",NA
"1282","ALEMANIA"
"1283",NA
"1284",NA
"1285","EE.UU."
"1286","ALEMANIA"
"1287","ALEMANIA"
"1288","ITALIA"
"1289","ALEMANIA"
"1290","RUSIA"
"1291","ALEMANIA"
"1292","ALEMANIA"
"1293",NA
"1294","ALEMANIA"
"1295","ALEMANIA"
"1296","EE.UU."
"1297","ITALIA"
"1298",NA
"1299",NA
"1300","FRANCIA"
"1301","ITALIA"
"1302","RUSIA"
"1303",NA
"1304","ALEMANIA"
"1305",NA
"1306","FRANCIA"
"1307",NA
"1308",NA
"1309",NA
"1310","ALEMANIA"
"1311","ALEMANIA"
"1312","EE.UU."
"1313","ALEMANIA"
"1314","LUXEMBURGO"
"1315","ALEMANIA"
"1316",NA
"1317","JAPON"
"1318",NA
"1319",NA
"1320",NA
"1321",NA
"1322",NA
"1323",NA
"1324",NA
"1325",NA
"1326",NA
"1327",NA
"1328",NA
"1329","DINAMARCA;DINAMARCA;ALEMANIA"
"1330","EE.UU.;EE.UU."
"1331","EE.UU.;EE.UU."
"1332",NA
"1333","SUDAFRICA"
"1334",NA
"1335","SUDAFRICA"
"1336",NA
"1337",NA
"1338","ALEMANIA;ISRAEL;ISRAEL"
"1339","ITALIA;ITALIA;EE.UU.;EE.UU.;EE.UU.;EE.UU.;EE.UU.;EE.UU."
"1340",NA
"1341","EE.UU."
"1342","DINAMARCA;EE.UU."
"1343","ALEMANIA"
"1344",NA
"1345",NA
"1346",NA
"1347","REINO UNIDO"
"1348","EE.UU."
"1349",NA
"1350","EE.UU."
"1351","JAPON"
"1352","ALEMANIA"
"1353","ALEMANIA"
"1354","REINO UNIDO"
"1355","JAPON"
"1356",NA
"1357",NA
"1358",NA
"1359",NA
"1360",NA
"1361",NA
"1362",NA
"1363",NA
"1364",NA
"1365",NA
"1366",NA
"1367",NA
"1368",NA
"1369",NA
"1370",NA
"1371",NA
"1372",NA
"1373",NA
"1374",NA
"1375",NA
"1376",NA
"1377",NA
"1378",NA
"1379",NA
"1380",NA
"1381",NA
"1382",NA
"1383",NA
"1384",NA
"1385",NA
"1386",NA
"1387",NA
"1388",NA
"1389",NA
"1390",NA
"1391",NA
"1392",NA
"1393",NA
"1394",NA
"1395",NA
"1396",NA
"1397",NA
"1398",NA
"1399",NA
"1400",NA
"1401",NA
"1402",NA
"1403",NA
"1404",NA
"1405",NA
"1406",NA
"1407",NA
"1408",NA
"1409",NA
"1410",NA
"1411",NA
"1412",NA
"1413",NA
"1414",NA
"1415",NA
"1416",NA
"1417",NA
"1418",NA
"1419",NA
